id	high_Lp	high_Lr	high_Lt	high_Lt_add	gerp_Lp_cat1	gerp_Lr_cat1	gerp_Lt_cat1	gerp_Lp_cat2	gerp_Lr_cat2	gerp_Lt_cat2	gerp_Lp_cat3	gerp_Lr_cat3	gerp_Lt_cat3	gerp_Lp_cat4	gerp_Lr_cat4	gerp_Lt_cat4	gerp_Lp_cat5	gerp_Lr_cat5	gerp_Lt_cat5	gerp_Lt_additive_cat1	gerp_Lt_additive_cat2	gerp_Lt_additive_cat3	gerp_Lt_additive_cat4	gerp_Lt_additive_cat5
D154259	0.13396481732070364	0.08615245827695084	0.22011727559765448	0.15313486693730266	0.1591322658826334	0.11071669797880612	0.26984896386143953	0.1592006722427004	0.10430157361967177	0.26350224586237214	0.1549559250519862	0.10101664931504592	0.2559725743670321	0.1475321643257435	0.10041251760365907	0.24794468192940256	0.13218232533789956	0.08591387617211678	0.21809620151001632	0.19028283092012285	0.18390190974102197	0.178494611841039	0.17417859976653083	0.15200503884106656
D154280	0.14442567567567569	0.08382601351351351	0.2282516891891892	0.15603885135135134	0.16867293657977775	0.1084950674296936	0.27716800400947134	0.16768162526107824	0.10187746600478986	0.2695590912658681	0.16471114961043765	0.09784073931684242	0.2625518889272801	0.15535404264695268	0.09734415779296512	0.2526982004399178	0.13865724310726657	0.0838965983391729	0.22255384144643944	0.19283153571958248	0.18571827863532897	0.18019631412206125	0.17502117911644144	0.1532252198928062
D154299	0.14394433572515763	0.0791476407914764	0.22309197651663404	0.15111980865405522	0.15987562224042257	0.11168248617033132	0.2715581084107539	0.15633551359916045	0.10604454957457143	0.26238006317373186	0.1549684737229065	0.10179077567371668	0.25675924939662315	0.15121232694514256	0.09892961079282649	0.25014193773796906	0.13765641591538447	0.08419392450394553	0.22185034041933	0.19162029729054256	0.18421230637415165	0.17927501253516992	0.17453577426539776	0.15302213246163776
D229167	0.13927125506072874	0.08279352226720647	0.22206477732793525	0.15242914979757086	0.16153161628232182	0.11146017136609798	0.2729917876484198	0.16011744885679904	0.10469121540312876	0.2648086642599278	0.1562902669753954	0.10131812836042044	0.25760839533581587	0.1510405631619835	0.09888738096465158	0.2499279441266351	0.13582549956077022	0.08443813928127872	0.22026363884204897	0.1922259795072589	0.1847499398315283	0.17946326184811817	0.17440766254564333	0.15235088906166383
D229170	0.14461034976477807	0.07915729187973	0.22376764164450808	0.15146246676211905	0.16254054959615394	0.1112310324346003	0.27377158203075425	0.1591940666259204	0.10549519187475692	0.2646892585006773	0.15582352182619338	0.1012732453034937	0.2570967671296871	0.1521386506673384	0.09869051299372927	0.25082916366106767	0.13593509086772995	0.08488992240224452	0.22082501326997447	0.19250130723267728	0.1850922251877171	0.1791850062165904	0.17475983832739847	0.15285746783610948
D211308	0.1251828631138976	0.08944618599791014	0.21462904911180777	0.15203761755485892	0.16495400434006138	0.11105264878604967	0.27600665312611106	0.16342304270462635	0.1039295465701313	0.26735258927475763	0.1600463817824831	0.10025675629588848	0.2603031380783716	0.1541296336440494	0.09824827622926816	0.2523779098733176	0.13854257988831586	0.08370280868252417	0.22224538857084003	0.1935296509560804	0.18564106792244447	0.18027994718713003	0.17531309305129286	0.1529740986266821
D211312	0.14600256519880292	0.07866609662248825	0.2246686618212911	0.1516673792218897	0.16184570113993116	0.11068807788400212	0.2725337790239333	0.15895152993024783	0.1045675121722012	0.26351904210244903	0.15469357288100694	0.10142853465805256	0.2561221075390595	0.1509272456544069	0.098827904162055	0.2497551498164619	0.13643752568576073	0.08468382628180127	0.221121351967562	0.1916109284539677	0.1840432771373251	0.178775321098556	0.17429152698925846	0.15290258912468163
D211320	0.14297606659729448	0.07950052029136316	0.22247658688865765	0.1509885535900104	0.16316182090743309	0.1116580895146485	0.2748199104220816	0.1616629148098804	0.1057927903094899	0.2674557051193703	0.15746553070193572	0.10128343260458748	0.2587489633065232	0.15383316190787052	0.09902951680791872	0.2528626787157892	0.13817548519664716	0.08389610715046421	0.22207159234711135	0.19323899996836505	0.1866242477144301	0.18001619795555537	0.17594609776185396	0.1529838497487878
D211334	0.12931254791719907	0.08382315359059545	0.21313570150779457	0.148479427549195	0.16449980719727367	0.1076060675539066	0.27210587475118025	0.16367120213076153	0.10106415562203976	0.26473535775280127	0.1612128638576101	0.09666149909180644	0.25787436294941657	0.15329678667627755	0.0967530065632232	0.2500497932395007	0.13617595278203487	0.08197598571301913	0.218151938495054	0.18985597115254343	0.1828997566874205	0.1772679310206115	0.17340139990136197	0.15006396210403658
D211341	0.14799588900308325	0.07810894141829394	0.2261048304213772	0.15210688591983557	0.16383946999927154	0.11118238403198782	0.27502185403125934	0.16123634646940352	0.10523831097879016	0.26647465744819365	0.15636130468447543	0.1019139566395664	0.2582752613240418	0.15323908165157404	0.09896048165233089	0.2521995633039049	0.13671498913432178	0.08464976005481603	0.22136474918913784	0.1931021190316236	0.1858564842134919	0.1800946089818041	0.17558002247811788	0.15300725462197692
D211349	0.14235537190082645	0.08326446280991735	0.2256198347107438	0.15444214876033058	0.16953001017293998	0.10890233977619532	0.2784323499491353	0.16871218339027697	0.10160714626557996	0.2703193296558569	0.1649778816864244	0.09781048097631012	0.26278836266273453	0.15555192938582593	0.09706033588029592	0.25261226526612185	0.13813450981375178	0.08339056977414584	0.22152507958789763	0.19366734486266532	0.18596323796071845	0.18029942181952233	0.1748363005732089	0.15245782468102173
D211350	0.15299026425591097	0.07768726405722233	0.23067752831313332	0.15418239618517782	0.1643308181115951	0.11075469642962424	0.2750855145412194	0.16124769851381648	0.10456403140985168	0.26581172992366814	0.1591368765943954	0.10110688874903316	0.2602437653434286	0.15385557607507633	0.09837749217955	0.2522330682546263	0.13799045400816945	0.08360473409375421	0.2215951881019237	0.1929201054854218	0.18518788066675992	0.18067532704623085	0.17530528021708816	0.15259996109783894
D211374	0.14950634696755993	0.07757404795486601	0.22708039492242596	0.152327221438646	0.1643017981728244	0.11075338768670544	0.2750551858595298	0.16104043629483714	0.10432096772048864	0.26536140401532576	0.15799338212206843	0.10105064850373162	0.25904403062580006	0.15412314972346167	0.0976862928001843	0.25180944252364595	0.1381810281102032	0.08358390106487124	0.22176492917507443	0.19290428677311763	0.1848411858679072	0.18004733956476585	0.1747478676619151	0.15267441511997282
D211385	0.14612089481199428	0.0794859590671109	0.2256068538791052	0.15254640647310805	0.16845193886273652	0.10808217893396777	0.2765341177967043	0.16856252969014912	0.10157956562442234	0.27014209531457145	0.1644428544074817	0.09875893136079172	0.2632017857682734	0.1562561924707327	0.09680458796513956	0.2530607804358722	0.13931763001652622	0.08394966641503275	0.223267296431559	0.192308148365336	0.18586083046949692	0.18098035856453257	0.1749326842005059	0.15360848142329586
D211401	0.14311553244404251	0.0841058105358354	0.22722134297987792	0.15566357675785666	0.16195709080413395	0.11102836068837584	0.2729854514925098	0.1588739515199659	0.1059016194577546	0.2647755709777205	0.15728052667639786	0.10076509080798753	0.25804561748438537	0.15270138242466672	0.0986621944933802	0.2513635769180469	0.1370441390755282	0.08445822877033919	0.2215023678458674	0.1920069060904428	0.18533859521773757	0.17940535414618647	0.17501288570571355	0.1529802983081033
D211403	0.14014631915866485	0.08344764517604024	0.22359396433470508	0.15352080475537266	0.16797060757962654	0.10857995591984232	0.2765505634994689	0.1678934762595765	0.10151313017834572	0.26940660643792225	0.16402558031247214	0.0978555930927212	0.26188117340519335	0.1578139149534691	0.09665709716575788	0.254471012119227	0.14002708808200626	0.08300489669174728	0.22303198477375352	0.1925652597096556	0.185459868308134	0.17986838324895726	0.17556405464249245	0.1530184407327504
D211411	0.14456154305030822	0.08411214953271028	0.2286736925830185	0.1563929210578644	0.16460995725531613	0.1104384075259393	0.27504836478125544	0.16290293378797366	0.10352559992154436	0.266428533709518	0.15832288412527545	0.1001517632589062	0.25847464738418163	0.15291237453155307	0.09854240033144385	0.25145477486299694	0.1382412149301909	0.08367861624081081	0.22191983117100172	0.19274338615359737	0.1849770668155312	0.1793132053215439	0.1749985875972204	0.15279922370590626
D211412	0.1420787083753784	0.08234106962663976	0.22441977800201815	0.15338042381432895	0.1633784690232588	0.11049556320612908	0.2738740322293879	0.1608947750764109	0.10410759876217188	0.26500237383858277	0.15774628108778185	0.09966248934686604	0.2574087704346479	0.15355533983527733	0.0980448664472387	0.25160020628251606	0.13765026856509507	0.08400746264914014	0.2216577312142352	0.19218479771775848	0.18455498630037737	0.17853562989075694	0.17482253636487738	0.15283259693168766
D211431	0.13883754364345863	0.08194701170671596	0.22078455535017455	0.15136578352844526	0.16346235503441475	0.11017695174062268	0.27363930677503745	0.15984152102123916	0.10444259456318152	0.26428411558442066	0.15694592257135095	0.1001542790631597	0.25710020163451064	0.15194598718399183	0.0981370004484244	0.2500829876324162	0.1366605495168307	0.08379040848016632	0.22045095799699704	0.19190812925783005	0.1843633550738011	0.17862724034883518	0.17410999404042032	0.1521206832385817
D211435	0.13587174348697395	0.08557114228456913	0.22144288577154309	0.1535070140280561	0.16150111743854087	0.11163486008269544	0.2731359775212363	0.15869269760243696	0.10624188261196577	0.2649345802144027	0.1560045942945384	0.10183699845817776	0.2578415927527162	0.15237066768362906	0.0986252128635672	0.25099588054719624	0.135766452578194	0.08443025527986209	0.2201967078580561	0.19238541880196589	0.18558823141318423	0.17983929560544698	0.1748105467053817	0.1523134815689591
D211438	0.14604948124501196	0.08140462889066241	0.2274541101356744	0.1544293695131684	0.16542204208985067	0.1098319182532842	0.2752539603431349	0.1640639883506646	0.10298797153306838	0.267051959883733	0.15990474066293017	0.09960260644127712	0.2595073471042073	0.1541743184065546	0.09782737674812826	0.25200169515468285	0.13846430094494197	0.08375792127728024	0.2222222222222222	0.1925429392982095	0.18501996570840068	0.1795549767727422	0.17491453595140558	0.15299007174975124
D211445	0.14373626373626375	0.0789010989010989	0.22263736263736264	0.15076923076923077	0.15840317858825068	0.11140271207678734	0.269805890665038	0.1585751425786695	0.10429691805319335	0.26287206063186286	0.15402593630726824	0.10106282416959156	0.2550887604768598	0.14654345217494028	0.10096597232440588	0.24750942449934615	0.13159276030405634	0.08603326126273134	0.2176260215667877	0.1906043013709127	0.1835844893425281	0.17807579232322568	0.174237698411876	0.15182964141475952
D211450	0.14981949458483754	0.08162855996791014	0.2314480545527477	0.1565383072603289	0.16309697095723297	0.11160836716181316	0.2747053381190461	0.15975662491560014	0.10532724389855325	0.2650838688141534	0.15780262799482211	0.10112308089123302	0.25892570888605515	0.15188839266341006	0.09847905947347269	0.2503674521368828	0.13711166793115842	0.0842226370642495	0.2213343049954079	0.1931568526404296	0.18520555635635333	0.18002439488864408	0.17442325580517773	0.1527784710298287
D211451	0.14038328330639574	0.0812745324405449	0.22165781574694063	0.15146617409374277	0.16124025773050843	0.10954784614951746	0.2707881038800259	0.15917838009976934	0.10334568752212964	0.26252406762189895	0.1558235497697202	0.10097436307004232	0.25679791283976255	0.14997480394974116	0.09778358050450406	0.2477583844542452	0.1354068747904195	0.08377448312636399	0.21918135791678348	0.19016797501477167	0.1829348775720143	0.17888613795490244	0.17277098247937464	0.15147792052157374
D211456	0.13157894736842105	0.08190118152524167	0.21348012889366272	0.1476906552094522	0.15937537080187086	0.10881331666055996	0.26818868746243085	0.15821113056025643	0.1026793820498108	0.26089051261006724	0.15419714748625293	0.09866886783189316	0.2528660153181461	0.14921612739014875	0.09781810589728372	0.2470342332874325	0.13350789348768127	0.08364187606229041	0.21714976954997167	0.18850100206149545	0.18178494732993905	0.17576744157501964	0.1724261695923581	0.15039582280613104
D211461	0.1342564720048164	0.08328316275336142	0.2175396347581778	0.15041139875576962	0.1622283418954098	0.11145926094739368	0.27368760284280347	0.16078758361917034	0.10426197199113116	0.2650495556103015	0.1572859091062419	0.10115315853640906	0.25843906764265095	0.15239515025711187	0.09857621361513422	0.25097136387224606	0.1369978298708661	0.08424546183294751	0.22124329170381357	0.1925734318950986	0.18465576380071633	0.17979611308953	0.17477378874369015	0.15274437676838054
D211474	0.14295548416704912	0.0830656264341441	0.2260211106011932	0.15454336851766864	0.16457804363730258	0.1096623918750269	0.27424043551232946	0.1637310751757858	0.10304975153206904	0.26678082670785486	0.15850657701538182	0.10018429819853572	0.25869087521391754	0.15386500633129294	0.09774893846294493	0.2516139447942378	0.13803423705913095	0.08350987215275388	0.22154410921188483	0.1919514136936782	0.18491528911996197	0.17943758670622664	0.17468144162859137	0.15252699068231934
D211478	0.15152117717240007	0.07894213561344203	0.23046331278584212	0.15470272419964207	0.16337408278734664	0.1112833028553946	0.2746573856427412	0.15909314299972024	0.1063027846876205	0.26539592768734077	0.1555511254050185	0.10219796848241457	0.25774909388743306	0.1527620706293917	0.09842727464640068	0.2511893452757924	0.13585513841486538	0.08453086641518472	0.2203860048300501	0.19297034424906792	0.18584935618748064	0.17997353118492382	0.17480830996109653	0.1524584356226174
D211482	0.140203714799281	0.07689235070900739	0.2170960655082884	0.14699420810864788	0.16438146556897007	0.11012169070878236	0.27450315627775246	0.1621890058762217	0.10408201030227043	0.26627101617849214	0.1574601817928637	0.10028618210977676	0.25774636390264044	0.15331006508819922	0.0979417036128667	0.2512517687010659	0.13667500543561112	0.084068286270521	0.2207432917061321	0.1923124234932674	0.18517651324038129	0.17901627300620862	0.17459673615696633	0.15240578898832657
D211489	0.14494518879415347	0.07957775071051564	0.2245229395046691	0.15205034510759236	0.1620524910709612	0.11249682903356996	0.27454932010453115	0.15934698328083355	0.10604328204506906	0.2653902653259026	0.15548548990114475	0.10243004081002968	0.2579155307111744	0.1499026420826029	0.09998648599778066	0.2498891280803836	0.1346821377524912	0.08565983609656741	0.2203419738490586	0.19352307456905057	0.18571677368548584	0.18017278576060208	0.17493780703908213	0.153000904972813
D211490	0.13724226804123713	0.08634020618556701	0.2235824742268041	0.15496134020618557	0.1648398103067233	0.109901495849812	0.2747413061565353	0.16327816842684997	0.10414105254176152	0.2674192209686115	0.15834411893525194	0.10027903131351408	0.25862315024876603	0.1526469750903279	0.09871391422146047	0.2513608893117884	0.13715160611219115	0.08488370921764356	0.2220353153298347	0.19232140100317363	0.1857801367551865	0.17945109078114005	0.17503740176662444	0.1534595122737391
D217810	0.14117885355479037	0.08162851934373101	0.22280737289852137	0.1522179461211262	0.16489381049568574	0.110628043728656	0.2755218542243417	0.16222315674099896	0.10507056779627152	0.2672937245372705	0.1586551940832407	0.10174989123604196	0.26040508531928264	0.1533111793225869	0.09854434523922168	0.25185552456180854	0.1383155729809119	0.08352328028163024	0.22183885326254213	0.19307494897649888	0.186182146166771	0.1810774882776623	0.1751999349005151	0.15268106677208618
D217818	0.14049039098740887	0.08305721228186437	0.22354760326927323	0.1533024077755688	0.15996036321179236	0.111587175324845	0.2715475385366374	0.15647316983651618	0.10627228037842966	0.2627454502149459	0.15403390267291428	0.10211439488362528	0.25614829755653956	0.15267212186909432	0.0986003856374049	0.2512725075064992	0.1375525508464947	0.08458634751101517	0.22213889835750988	0.1915673569307412	0.18450886529668775	0.17913134622008242	0.17493644657195206	0.15336262293426253
D217821	0.14478604071458248	0.08849189862899876	0.2332779393435812	0.16088491898628998	0.16945420658338542	0.10807285843402002	0.27752706501740543	0.16785433832233565	0.1014287221199939	0.2692830604423296	0.1645509267536802	0.09755497943858396	0.26210590619226415	0.15681503373277564	0.09688505140278862	0.25370008513556425	0.14020059636757928	0.0819889246020989	0.2221895209696782	0.19279996172571273	0.18535589128116173	0.17983044281542404	0.17529256826917644	0.15208922278588854
D217831	0.1380890052356021	0.07984293193717278	0.21793193717277487	0.14888743455497383	0.1592737764345018	0.11082364105747004	0.2700974174919718	0.15721714892829952	0.10536129834266028	0.2625784472709598	0.15383060551100233	0.10116524266328694	0.2549958481742893	0.15096472623190496	0.09821263101538208	0.24917735724728704	0.13699349573789035	0.08393595389111085	0.2209294496290012	0.19046052927472093	0.18396987280681	0.1780805454187881	0.17369499413133457	0.15243270176005602
D217835	0.14145338208409505	0.08523765996343693	0.226691042047532	0.15596435100548445	0.16148945418325364	0.1107063412747026	0.27219579545795625	0.15897495670026357	0.10508288806685848	0.2640578447671221	0.15561926754277855	0.10113514004384884	0.2567544075866274	0.1517720287092981	0.0985543976318884	0.2503264263411865	0.13644101541726017	0.08359634518200598	0.22003736059926615	0.1914510683663294	0.18457036641699023	0.17894477381523813	0.17444041198653745	0.15181685289063607
D217864	0.13777490297542044	0.08279430789133248	0.2205692108667529	0.15168175937904269	0.1647157649069412	0.10989740825761628	0.27461317316455747	0.1617506896931711	0.1044911736673504	0.2662418633605215	0.15845489309200442	0.10111678812422276	0.25957168121622715	0.15471239545815274	0.09789542762957083	0.25260782308772356	0.13926364786263745	0.08306530906823115	0.2223289569308686	0.19225529071108688	0.18536651851393596	0.18034423467022495	0.17525162535864722	0.15269713299954987
D217870	0.13921208409879568	0.0838946723821188	0.2231067564809145	0.15350071443151664	0.16459149553833152	0.11047026430382204	0.2750617598421536	0.16324973940302367	0.10363390119380043	0.2668836405968241	0.1585905107283167	0.10040495618011484	0.25899546690843156	0.15322263483107826	0.09842611990531006	0.2516487547363883	0.13675512744250215	0.08447845799321173	0.2212335854357139	0.1927660120729878	0.18525877089531229	0.17970021154427318	0.17503743732084917	0.1528560217144628
D217891	0.1341518872214643	0.08117326057298772	0.21532514779445203	0.14824920418371987	0.16269458411414364	0.10898217897100024	0.2716767630851439	0.16048834233721923	0.10280645791868068	0.2632948002558999	0.1579430437659248	0.09955375367766094	0.2574967974435857	0.1535138561276861	0.09687910105859156	0.25039295718627763	0.13742733641377256	0.08305092849087539	0.22047826490464795	0.19032947102807207	0.1830506290872903	0.17852527556062334	0.17363602912243462	0.15176459669776166
D217896	0.1394456289978678	0.0861407249466951	0.2255863539445629	0.155863539445629	0.16597756625692242	0.10820461199985572	0.27418217825677815	0.16516547902483072	0.10164736966423424	0.26681284868906496	0.16194577851560532	0.09751699228021415	0.2594627707958195	0.1547489527548129	0.09687545876679464	0.2516244115216075	0.13848969237990263	0.083236207723991	0.22172590010389365	0.19119339512831696	0.1842301091766496	0.17848988153801684	0.1742499351442011	0.15248105391394232
D217897	0.13714531384350817	0.08233018056749786	0.21947549441100603	0.15090283748925193	0.160152597649522	0.11043645343557212	0.2705890510850941	0.15823487200925748	0.1043880385383692	0.2626229105476267	0.15523111830734407	0.10009256200152358	0.25532368030886765	0.1513535348564445	0.0982722489470684	0.2496257838035129	0.1374381454748849	0.08369663249112158	0.22113477796600645	0.19051275226033312	0.18350547454299795	0.17770812115519563	0.17394901637529067	0.152415705228564
D217910	0.14193962748876043	0.08049668165275102	0.22243630914151144	0.15146649539713122	0.16094910299375767	0.11083144604326628	0.2717805490370239	0.15823355167947253	0.10469940284965318	0.2629329545291257	0.15549366666492984	0.10089828627403984	0.25639195293896966	0.14921164541704665	0.0997611288607024	0.24897277427774905	0.13273427201995822	0.0863345361729783	0.21906880819293653	0.1913059975401451	0.18381617868938943	0.17864511960650475	0.17436695156922574	0.1527016721829574
D217911	0.1408058294042006	0.0818688384054865	0.2226746678096871	0.1522717531075868	0.1627793756366469	0.10980072417246604	0.2725800998091129	0.16117119813617867	0.10349506944837684	0.2646662675845555	0.1582212976873788	0.09903052249059414	0.25725182017797293	0.15147730679654445	0.098546022757732	0.2500233295542765	0.13521357383897598	0.08484698991828617	0.22006056375726213	0.19119041199078948	0.18408066851646615	0.17814117133428356	0.17428467615600424	0.15245377683777414
D217932	0.13988171766520957	0.08305476986371818	0.22293648752892775	0.15299562869632297	0.16201918649814534	0.10919964960911582	0.27121883610726116	0.15964331112052693	0.10453500763966464	0.26417831876019154	0.15574802465919946	0.10035436745680298	0.25610239211600244	0.15236267900427794	0.0980000793370761	0.250362758341354	0.1376388436827321	0.0837369977216097	0.2213758414043418	0.1902092428581885	0.1843566631999281	0.1782283797864027	0.17418141883921506	0.15255641956297575
D217947	0.14108604016860898	0.08207289858666006	0.22315893875526904	0.15261591867096455	0.16506088848689815	0.10837662082304028	0.27343750930993843	0.16405135206067678	0.10233139766970506	0.26638274973038184	0.1609648828308601	0.09811376709416056	0.2590786499250207	0.15415103870003977	0.0976001891476534	0.25175122784769316	0.13764763681698006	0.08342633849334481	0.22107397531032488	0.19090706506648936	0.18435707370004345	0.17859620850959065	0.17467570849767328	0.15225015690183483
D217949	0.1409611904283129	0.08184194651116027	0.22280313693947315	0.1523225417253167	0.1691294719491163	0.10904137312102344	0.2781708450701398	0.1673423897282513	0.1021734968715823	0.26951588659983355	0.165309824915614	0.097355303006575	0.262665127922189	0.15625454469906302	0.09692839726288711	0.2531829419619501	0.13797793033104502	0.08366374504382434	0.22164167537486937	0.1936061090955816	0.18584469173570797	0.180010215464382	0.1750556696124186	0.15265271020934687
D217961	0.143014301430143	0.07898789878987898	0.222002200220022	0.1504950495049505	0.16274619792862371	0.1110776614499634	0.2738238593785871	0.1607962036930144	0.10429514950085368	0.26509135319386806	0.1567329145289479	0.10015062563617484	0.2568835401651227	0.1516333554254869	0.09870800827257992	0.2503413636980668	0.13676039859177622	0.0842662948026189	0.2210266933943951	0.19245076041427525	0.1846932513473609	0.17851708290064877	0.17452468598532336	0.152646494098507
D217964	0.14110798875953431	0.07788036932958652	0.21898835808912084	0.14843436370935367	0.1688346731238753	0.10844479307307894	0.2772794661969542	0.16878266797969851	0.10115142792212713	0.2699340959018256	0.16440179456815796	0.09815007365046356	0.26255186821862153	0.15648878755192522	0.09659650110414893	0.25308528865607416	0.139637047748185	0.08310025467700051	0.2227373024251855	0.1928621296350166	0.18554276191197636	0.18035097093454255	0.17484089488011154	0.152918778551093
D217965	0.1454234388366125	0.08233532934131736	0.2277587681779299	0.1550470487596236	0.16782349030821664	0.10835698684196644	0.27618047715018307	0.1665402858575925	0.10168125970071444	0.26822154555830696	0.1633782229343835	0.09843731948302448	0.261815542417408	0.15577919894923656	0.09671675514240816	0.2524959540916447	0.1373951302795924	0.083606925205613	0.2210020554852054	0.19226873199607475	0.1849514026295107	0.18012643095021624	0.17460635461702642	0.1523044903454092
D217969	0.14164104989359186	0.08039725703475999	0.22203830692835183	0.15121778198155592	0.16112495186113185	0.10900184948342834	0.2701268013445602	0.15906636238335178	0.10326727975235556	0.26233364213570737	0.15615767777396083	0.09991984426886524	0.2560775220428261	0.15172768105530413	0.09789446532380296	0.2496221463791071	0.13584185442662242	0.08377765078590094	0.21961950521252335	0.18956432541399423	0.18280046094403143	0.17799868315584563	0.17375830585145502	0.15169857799921216
D217977	0.13994288045695635	0.08139534883720931	0.22133822929416563	0.15136678906568748	0.16853599677967107	0.10854613182506422	0.2770821286047353	0.16901641520797536	0.10129863132839843	0.2703150465363738	0.16415252205483005	0.09704369865493671	0.2611962207097668	0.15670806286496455	0.0965960285721954	0.25330409143716	0.1398343132828393	0.0831934009405486	0.2230277142233879	0.19281413021489976	0.18580683893238611	0.17911995968235173	0.1749500600046777	0.15311055758196826
D217993	0.1363740022805017	0.08323831242873432	0.21961231470923603	0.15142531356898517	0.1671957978300797	0.10875334124617626	0.275949139076256	0.16764341428665497	0.1018511312912424	0.26949454557789737	0.16270069133691353	0.0980570220150207	0.26075771335193426	0.1559862687528744	0.0974771065025489	0.25346337525542334	0.13950003180459258	0.08375803065962725	0.22325806246421984	0.19235124016121613	0.1856728384345699	0.17940736768347748	0.1754702408789861	0.15350804656192354
D229025	0.13722361522680648	0.08297241850923182	0.2201960337360383	0.15158422612263506	0.15559147450575853	0.11335057004907098	0.2689420445548295	0.15297885034518863	0.10787906829499933	0.260857918640188	0.14936640465194068	0.10452972430561808	0.25389612895755875	0.14493738144186555	0.10201710216607572	0.24695448360794128	0.1304267171104887	0.08735263993980184	0.21777935705029053	0.19114630730195023	0.18436849346759365	0.17921292663158842	0.17448579288700852	0.1525659984950462
D229032	0.13658312255690963	0.08162796045067831	0.21821108300758796	0.14991952172913314	0.16496693237045174	0.1080873098552378	0.2730542422256895	0.164111003737643	0.10180649009087382	0.26591749382851687	0.16017797552836485	0.09849120104959928	0.2586691765779641	0.1527569909836013	0.09712759310038284	0.24988458408398417	0.13564685509998883	0.0839096190369791	0.2195564741369679	0.19057077604046369	0.18386199195969533	0.17858018881378168	0.1735060885921835	0.15173304658697354
D229043	0.12788550323176362	0.0817174515235457	0.20960295475530932	0.1456602031394275	0.1584702488048433	0.109932202469538	0.26840245127438134	0.1570853902053407	0.10422720437853858	0.2613125945838793	0.15505533314751116	0.10000091890087204	0.25505625204838317	0.1495728678366261	0.09851686211636382	0.24808972995298992	0.13406160324705357	0.08533282011656532	0.2193944233636189	0.18916732687195967	0.18276989948120892	0.1775285854746276	0.17330329603467687	0.1523636217400921
D229051	0.1432799013563502	0.08162762022194821	0.2249075215782984	0.1532675709001233	0.1638619113047495	0.10744320354081607	0.2713051148455656	0.1630955025546782	0.10105367853464468	0.26414918108932284	0.160922722470437	0.0972715469507771	0.2581942694212141	0.15314053238937408	0.0970975075284395	0.25023803991781357	0.1364853728883395	0.08416328212372712	0.22064865501206665	0.1893741591931908	0.18260142981198377	0.1777329081859956	0.17366777372312656	0.15240596856789687
D229054	0.14254241022251599	0.08482044503194536	0.22736285525446137	0.15609165014320334	0.16234152557235046	0.10999251887485652	0.272334044447207	0.16061952104255534	0.10374332448863063	0.264362845531186	0.157786028932274	0.10017167724677606	0.25795770617905006	0.15162131003799564	0.09868720163673562	0.2503085116747313	0.1355699091784561	0.08503014083457923	0.22060005001303531	0.19116328166103175	0.1840530850099083	0.17906469171291306	0.17449785665573345	0.15281509542380728
D229055	0.13201241346383386	0.08713296729529721	0.21914538075913104	0.15313917402721414	0.16325108907697	0.10870899232181742	0.2719600813987874	0.160846665567101	0.10389796030567926	0.26474462587278025	0.1573545162441985	0.09971327204569796	0.25706778828989646	0.15246832860834178	0.09803433377619232	0.2505026623845341	0.13789478570238886	0.0835456240801872	0.22144040978257604	0.19033453686030244	0.18432129308922976	0.1783905301677972	0.1742684980803632	0.15249301693138162
D229056	0.14657845772172834	0.08186892702088071	0.22844738474260903	0.1551581558817449	0.17105867324564797	0.1067774032215959	0.2778360764672439	0.1690067612830859	0.10098692922463352	0.2699936905077194	0.16492020349160733	0.09698991692655456	0.2619101204181619	0.15968695298734814	0.09510662732489364	0.25479358031224175	0.14237053433802832	0.08187910305198842	0.22424963739001672	0.1923067398444199	0.18549030986617648	0.17945001867235824	0.1749501038185677	0.15306437022100258
D229063	0.1398616515348033	0.07976653696498054	0.21962818849978383	0.14969736273238218	0.16472269363704437	0.10899655676433946	0.27371925040138384	0.1646580469126745	0.10173892614406832	0.2663969730567428	0.1609753164209464	0.09800748272463208	0.2589827991455785	0.15192773463474396	0.09783751979721209	0.249765254431956	0.1349196001160164	0.08462277380264975	0.21954237391866613	0.19135790358286164	0.18406794960040557	0.17849514093510527	0.17380138711458404	0.15208257386065793
D229082	0.1413566739606127	0.08380743982494529	0.225164113785558	0.15448577680525163	0.16254835504134577	0.11006649927245626	0.27261485431380206	0.16231229707792208	0.10299986471861472	0.26531216179653677	0.15803244234393388	0.0995895783460356	0.2576220206899695	0.15098527123188674	0.0985456008737892	0.24953087210567593	0.1342218185575757	0.08446954658429007	0.21869136514186577	0.19134067679312916	0.18415601325757577	0.1786057995180025	0.17403823648973257	0.15158045586307792
D229093	0.1416396103896104	0.0836038961038961	0.2252435064935065	0.1544237012987013	0.1665061610517109	0.10893894654186628	0.27544510759357715	0.16518280640094551	0.10239996578697728	0.2675827721879228	0.1627687096997166	0.09879679276396994	0.26156550246368654	0.15437914726692817	0.0973347508890274	0.2517138981559556	0.1402404868054543	0.08249500584463253	0.2227354926500868	0.19219202706772173	0.18499136898745003	0.18018114761382825	0.17452432452249148	0.1526152492473597
D229096	0.14165813715455475	0.08515864892528148	0.22681678607983624	0.15598771750255885	0.16500409050619885	0.10981587033664192	0.27481996084284077	0.16562051579615936	0.10257702048913596	0.26819753628529536	0.1611842514667483	0.0986984086683145	0.25988266013506284	0.15332866343136894	0.09706669357358104	0.25039535700494997	0.1371057642286215	0.08297690772057599	0.2200826719491975	0.19231791558974137	0.1853872783872157	0.17929053440168866	0.1737310252892655	0.15152978983488674
D229097	0.13801095659502738	0.08006742520016856	0.21807838179519595	0.14907290349768226	0.16263832080243038	0.1098589636971538	0.2724972844995842	0.16264550731144176	0.1023040661877886	0.2649495734992304	0.15791854858592355	0.09994230334208526	0.2578608519280088	0.15248162598675255	0.09792175412157818	0.25040338010833074	0.1358325168337885	0.08384060539098168	0.21967312222477017	0.191178124098369	0.18362681984350948	0.17890157763504702	0.17416256711495445	0.15175686380787592
D229103	0.14317083882301274	0.07751427316644707	0.2206851119894598	0.14909969257795344	0.16611527137400706	0.1071714063322352	0.27328667770624226	0.16411140776920202	0.10152768791973828	0.26563909568894034	0.1614743954049914	0.0980160802222498	0.2594904756272412	0.15438436863533064	0.0973800993704572	0.25176446800578783	0.13673964482574075	0.08418070040559521	0.22092034523133597	0.1902290420192387	0.1835833918043393	0.1787532779247455	0.17457228368812253	0.1525505228184656
D229126	0.15015511892450878	0.07797311271975181	0.2281282316442606	0.1530506721820062	0.16841642310483776	0.10823953062684608	0.27665595373168383	0.1670581355684421	0.10183129477120996	0.26888943033965207	0.16270854118340236	0.09773306233397784	0.26044160351738016	0.15605623912431177	0.09697930773712377	0.25303554686143553	0.13971545707949298	0.0830917210930029	0.22280717817249587	0.19244774217926497	0.18536036255543104	0.179087332925679	0.17500742729927965	0.1529494496327494
D229133	0.14702748774770935	0.08033240997229917	0.22735989772000853	0.15384615384615383	0.16318841536314307	0.11024972506502093	0.273438140428164	0.16085277483912536	0.10443528822214622	0.26528806306127156	0.1572756482368615	0.10045174974025022	0.2577273979771117	0.1525623283822715	0.09776973889287084	0.2503320672751423	0.1369510949135761	0.0835378506198717	0.2204889455334478	0.19184393274659245	0.18486167564170888	0.17908957385868096	0.17405090308400656	0.15201339807665976
D229154	0.1385390428211587	0.08228379513014274	0.22082283795130145	0.15155331654072207	0.1632528256518872	0.11082160340963904	0.27407442906152624	0.16164544910238415	0.10400565365475407	0.2656511027571382	0.1573223050671692	0.10043599542316985	0.25775830049033904	0.1515362682415521	0.09919494240324889	0.25073121064480103	0.13752394574851218	0.0837628668488672	0.22128681259737937	0.19244801623558264	0.18482837820594616	0.17909714795675444	0.17496307652402493	0.15252483972312328
D229155	0.13331946755407653	0.0834026622296173	0.21672212978369385	0.15006239600665558	0.1666388976309927	0.1090644303336604	0.2757033279646531	0.1673363348935247	0.10145376770713864	0.2687901026006633	0.16328142492636946	0.09748265960666402	0.26076408453303346	0.15466912612404887	0.09717930981477212	0.251848435938821	0.13743279911381212	0.0845410014329414	0.22197380054675353	0.19238387914915675	0.185121935153901	0.17912337206984874	0.17451387287679657	0.15325740098984747
D229160	0.1410964725881853	0.08266043348916277	0.22375690607734808	0.15320866978325542	0.16323946798788347	0.1091847022928568	0.2724241702807403	0.16066363674620207	0.10320035349072088	0.263863990236923	0.1572318486800859	0.1001987541184788	0.2574306027985647	0.15250374001401118	0.09821953125157729	0.25072327126558847	0.13808237677245103	0.08362170830519919	0.22170408507765024	0.19080443628679855	0.1835321718638219	0.17881467845852175	0.17447140125858285	0.15266289669142472
D229161	0.1442453033901965	0.07752105376808464	0.2217663571582811	0.1496437054631829	0.1650289522511944	0.1085070767189839	0.27353602897017826	0.1648535474307231	0.10142935976368496	0.26628290719440806	0.1623363456511374	0.09770212579395308	0.2600384714450905	0.15477764987304776	0.09721643929559871	0.25199408916864646	0.1369197238219479	0.08440718232630161	0.22132690614824949	0.19102155284458108	0.18385613347904653	0.1788702986195218	0.17460526423212258	0.15286704423727554
D229162	0.1490219802379512	0.0780399274047187	0.2270619076426699	0.1525509175236943	0.16662900994137547	0.10974702678492876	0.27637603672630423	0.16537015550599724	0.10261587607739137	0.2679860315833886	0.16159936355184082	0.09889388377153044	0.26049324732337126	0.15367058641410128	0.09838572353604134	0.2520563099501426	0.13733143185969127	0.08440791613500463	0.22173934799469588	0.19306153175561652	0.18530095383038997	0.17969356554745086	0.17522101674309198	0.15307363206485025
D229164	0.1471650031853897	0.07708643023996602	0.2242514334253557	0.15066893183266086	0.16926755771364163	0.1079283523786521	0.2771959100922937	0.1686171706769029	0.10146521861248949	0.2700823892893924	0.1645322394755431	0.0975524518855415	0.2620846913610846	0.1570569824245295	0.09608842877002773	0.25314541119455725	0.13962804519710215	0.08300078784410439	0.22262883304120656	0.19256213123547292	0.18577380395094092	0.17981857162331305	0.1746169199822925	0.15281481044265546
D229165	0.14518413597733712	0.07932011331444759	0.2245042492917847	0.15191218130311615	0.1657043113900948	0.10816027282051044	0.2738645842106053	0.16723667162788705	0.10035014080585924	0.26758681243374627	0.16210281160254286	0.09787406148717975	0.2599768730897226	0.15285976907029103	0.09764526057050792	0.25050502964079896	0.137413500632758	0.08366945798217507	0.2210829586149331	0.19101242851555783	0.18396847661980276	0.1789254672884512	0.17407514510565344	0.15237620829855408
D229186	0.1352980576021433	0.08417057378879214	0.21946863139093548	0.15181960258986382	0.16522225485793898	0.10836971090381804	0.27359196576175704	0.16568278633229447	0.10129939454056748	0.2669821808728619	0.16103334683695444	0.09790836016289632	0.25894170699985075	0.15502436955202442	0.09580667312041562	0.25083104267244005	0.13630339795058333	0.08286108769906401	0.21916448564964733	0.19098083833278753	0.1841407877067147	0.17842503358137354	0.17331885789642784	0.15101278667435566
D229192	0.1405162738496072	0.08529741863075196	0.22581369248035915	0.15555555555555556	0.16094240453478534	0.1104264259322473	0.27136883046703264	0.15984747646835987	0.10442107093544868	0.2642685474038085	0.15478230202156582	0.10143359836611372	0.25621590038767955	0.15270185537338746	0.09775813331962788	0.2504599886930154	0.13660680893042013	0.08375385515981636	0.2203606640902365	0.19089762819963996	0.18434480916962864	0.1788247493768966	0.17410906100632162	0.15205725962502642
D229193	0.14024953789279113	0.07624768946395563	0.21649722735674676	0.1463724584103512	0.16297474416201815	0.10943886879850472	0.27241361296052286	0.16051491871422663	0.10343641863805524	0.2639513373522819	0.1573970280463629	0.09983820467936363	0.25723523272572657	0.15290963265546267	0.09744863438270904	0.2503582670381717	0.1373172581386209	0.08366684933933385	0.22098410747795472	0.19092624087951385	0.18369387799516856	0.1785367187025451	0.1739034507104404	0.1523254784086443
D229512	0.14001607071112895	0.08437123342707915	0.22438730413820812	0.15437926878264363	0.16846436885184352	0.1088843833696278	0.2773487522214713	0.16664153418708366	0.10247454393974235	0.26911607812682603	0.16440744631353757	0.09811060106773344	0.262518047381271	0.15606750216960433	0.09713195362920798	0.2531994557988123	0.13955341099006044	0.08253728905140674	0.2220907000414672	0.19311656779554956	0.1857953110332842	0.18031432422450225	0.17516570471401016	0.15231399454643696
D229599	0.14970901063616296	0.08147702187437286	0.23118603251053585	0.15633152719245436	0.1643445049231846	0.11029587517510764	0.2746403800982922	0.16136468418626096	0.10416690480817226	0.2655315889944332	0.15721369905470323	0.09991718967921896	0.2571308887339222	0.15377047502241567	0.09762991130412696	0.2514003863265426	0.13834496380516956	0.08331578736289078	0.2216607511680603	0.19246812763669993	0.18484924690130272	0.1785240392065706	0.17451514881533478	0.15248826926547554
D229633	0.13888285155401	0.08737231036731145	0.22625516192132145	0.15681373614431646	0.16211719502135458	0.11019635884325538	0.27231355386461	0.16029143897996356	0.1040223295602394	0.26431376854020294	0.15715751588152793	0.09978033990594835	0.2569378557874763	0.150524475872914	0.09884023366730511	0.2493647095402191	0.13420877212858623	0.08468342190476441	0.21889219403335064	0.19125495635393264	0.1841680490502212	0.1783590978467123	0.1741024716037621	0.15178780796905753
D229648	0.14159823753254555	0.07931103544962947	0.22090927298217505	0.15011015421590226	0.16274174729108015	0.11072968033033002	0.2734714276214102	0.1590790122375792	0.10526906875239128	0.2643480809899705	0.15619034715686536	0.10118089947717192	0.25737124663403727	0.15362527056739814	0.09796107630238177	0.2515863468697799	0.13835369920591972	0.08370939934309049	0.22206309854901024	0.19210055397587011	0.18480857487118088	0.1792760730556046	0.17477371158608082	0.15288624894605035
D229658	0.14267650158061118	0.07987355110642781	0.22255005268703895	0.15121180189673342	0.16334552371653782	0.11068138490608916	0.27402690862262696	0.161685877099639	0.1040128091653158	0.2656986862649548	0.1568526944656267	0.10113778109960256	0.25799047556522925	0.15153936701745316	0.09866285913504008	0.2502022261524932	0.13458162819495323	0.08526424366825999	0.2198458718632132	0.19235414676435808	0.1848557477151353	0.1795641283324159	0.17443254264376665	0.1525550577657366
D229676	0.1405156905856486	0.08514891065360783	0.22566460123925644	0.1554067559464321	0.16531456837453457	0.11046836871981087	0.2757829370943454	0.16286362448540578	0.10441859848585268	0.2672822229712585	0.16085839264317373	0.0997127142011578	0.26057110684433155	0.1548531000460833	0.0974472875068936	0.2523003875529769	0.1382542545447268	0.08392766460954248	0.2221819191542693	0.19312565290707817	0.18585041072855557	0.18014191052274467	0.17487383752993527	0.1530547918819059
D229679	0.14311350381336924	0.07873485868102288	0.2218483624943921	0.15029161058770749	0.16053206380978785	0.11036649828348334	0.27089856209327123	0.15808411503135653	0.10484925686409194	0.26293337189544846	0.15458709162314965	0.10113665789132968	0.2557237495144793	0.15064885822203056	0.098158946826751	0.24880780504878156	0.13463388473616705	0.08433035516829582	0.2189642399044628	0.19063253018837728	0.1838913143797702	0.1784302037029045	0.17348337593776628	0.15164729753637932
D229705	0.1393977679511476	0.07959570435881239	0.21899347230996	0.1492945883343862	0.16272122005349116	0.11050938835039444	0.2732306084038856	0.16081627949944077	0.1038408127829751	0.26465709228241585	0.15807172340667247	0.0999734918771538	0.25804521528382623	0.1510437873899834	0.09915197168540732	0.2501957590753907	0.1342467239882601	0.08533907238229094	0.21958579637055103	0.19186999837714003	0.1842489525326955	0.17900935358049003	0.17467386538039903	0.152462434376421
D229707	0.14315054425960155	0.08030396385294722	0.22345450811254877	0.151879235982748	0.16397896851426697	0.11030665792062971	0.2742856264348967	0.16039001508570896	0.10440980318683175	0.26479981827254073	0.15760227499747195	0.0998936986220283	0.2574959736195003	0.15311886121541002	0.09846730030240836	0.2515861615178184	0.1371823035812019	0.0837808049192029	0.2209631085004048	0.1922961421777632	0.18460481072968624	0.17869483612076428	0.17502673091011337	0.15237195670980386
D229714	0.14273204903677758	0.07859019264448336	0.22132224168126097	0.14995621716287216	0.16340135792321656	0.11018463817254016	0.2735859960957567	0.16136779574271484	0.10399660659841364	0.26536440234112846	0.15677195679825617	0.10013478418093956	0.2569067409791957	0.1521383870260187	0.09802216737574078	0.2501605544017595	0.13663902769388464	0.08416943187137026	0.2208084595652549	0.19188531713414844	0.18468050446977105	0.17852076258006763	0.17409136088875013	0.1524889457183126
D229716	0.1377293809235733	0.08570276265376084	0.22343214357733415	0.15456745311554748	0.16120872772877623	0.11165629451598366	0.2728650222447599	0.1573172009717525	0.10671176106321156	0.264028962034964	0.15482596124507814	0.10216876455973305	0.2569947258048112	0.1488373153209967	0.10016259730194851	0.2489999126229452	0.13377578782318936	0.08551603331244384	0.2192918211356332	0.1922606583803718	0.1853703615490878	0.17958174518227213	0.17458125496244686	0.1524039272240385
D229718	0.1373923492890046	0.08351692369317044	0.22090927298217505	0.15221309833767274	0.16129771153415318	0.11211965645384742	0.2734173679880006	0.16007819617370178	0.10484740358335864	0.2649255997570604	0.15508416111462217	0.10138893579247496	0.25647309690709713	0.14680847439340855	0.10124715845101746	0.24805563284442603	0.12997690090966776	0.08731255502022738	0.21728945592989513	0.192768512220924	0.1848865016702095	0.17893101634978603	0.17465139564772175	0.15230100547506126
D229721	0.14499192245557352	0.07815024232633279	0.2231421647819063	0.1506462035541195	0.16904214327503075	0.10866670701446468	0.27770885028949543	0.16749740295634108	0.10141145748949268	0.2689088604458338	0.163849910845802	0.09768199085200403	0.26153190169780605	0.156525286255016	0.09677933461717246	0.2533046208721884	0.13916114967500132	0.08338831509945636	0.2225494647744577	0.19318777865198009	0.1851601589676632	0.17960694627490503	0.17504197774468044	0.15296888993695704
D229734	0.13756613756613756	0.08445258445258445	0.22201872201872205	0.15323565323565325	0.16715420443936557	0.10882822583525066	0.2759824302746162	0.16816910644371155	0.10146579490443404	0.26963490134814555	0.1640585946306225	0.09739715554335789	0.2614557501739804	0.15462512655914162	0.09694286704065012	0.25156799359979176	0.13935841604213084	0.0826741948551752	0.22203261089730603	0.19240532805493343	0.18555034812628984	0.17942645285866912	0.17425543032022095	0.15235340287624063
D229737	0.1356612482440297	0.08288179811358619	0.2185430463576159	0.15071242223560105	0.15840878441534034	0.113560001479531	0.27196878589487133	0.15501575313555235	0.10791840026531596	0.2629341534008683	0.15375138716117914	0.10316883938650924	0.25692022654768837	0.1513618111966323	0.0992563366043458	0.2506181478009781	0.1369392578882205	0.0846187516414252	0.2215580095296457	0.19276439368720116	0.18542627683309212	0.18004453296709882	0.17493724220266194	0.15308838058553545
D229740	0.15107007973143097	0.08455728073856483	0.2356273604699958	0.16009232060428033	0.16352063352175095	0.10990594580234914	0.2734265793241001	0.1618327516090813	0.10339748310864902	0.26523023471773033	0.15729334773492598	0.10075100069890082	0.2580443484338268	0.15263001903097995	0.09812069073097682	0.25075070976195674	0.13726257726472635	0.08402922755741127	0.2212918048221376	0.1916662625632246	0.1843138589131897	0.1793976745663638	0.1744357002464668	0.15266051618977444
D229742	0.14752741568384026	0.08193668528864059	0.22946410097248085	0.15570039313056072	0.1681542335796557	0.10814618337943276	0.27630041695908847	0.16693983718390615	0.10196081473995784	0.268900651923864	0.1640113296570289	0.098121337767249	0.26213266742427793	0.15588212590219616	0.09688332239762244	0.2527654482998186	0.13804648454558688	0.08374981804066185	0.22179630258624872	0.19222330016926065	0.1854307333319109	0.18012700259576345	0.17482438534872052	0.15277306031345528
D229759	0.14726594863297432	0.07932891466445734	0.22659486329743164	0.15296188898094448	0.16737469362241122	0.10876815647053018	0.27614285009294137	0.1656668034388813	0.10177602934055698	0.26744283277943826	0.1625853834414157	0.09846445628713532	0.26104983972855106	0.15590950733778794	0.09732628332062512	0.25323579065841306	0.13886311904653273	0.08340050390603217	0.2222636229525649	0.19245550328173577	0.18460943105999764	0.17975714800784318	0.17528103698951908	0.15283206342929853
D229770	0.14142491467576793	0.0810580204778157	0.2224829351535836	0.15177047781569966	0.1623887467589337	0.11036882363853644	0.2727575703974701	0.15953432603326537	0.10405927504893472	0.2635936010822001	0.1557513098948442	0.10024402807623664	0.25599533797108087	0.15056212240082348	0.09897487654977435	0.24953699895059783	0.1355242633048904	0.08417018992370631	0.2196944532285967	0.19156319701800328	0.1838264380655674	0.17811968302365874	0.1742559377501861	0.15193232157615152
D229771	0.14522989669839984	0.08203362365809196	0.2272635203564918	0.15464857200729187	0.16358762705941443	0.11052449800260614	0.2741121250620206	0.16217011901211287	0.10382243431243324	0.26599255332454613	0.15816024609606158	0.10054872770488037	0.25870897380094193	0.15210037706709795	0.09835438928768318	0.25045476635478114	0.13656474114246975	0.08395730647487881	0.2205220476173486	0.19231831153231335	0.1849074938184897	0.17962885075291113	0.17440457782123217	0.15223967704611369
D229772	0.13621571362157137	0.08158995815899582	0.21780567178056717	0.1496978149697815	0.1527909645467174	0.11274264661472488	0.2655336111614423	0.15138394131882843	0.10692602596089482	0.2583099672797233	0.1483997298322116	0.1035169210351692	0.2519166508673808	0.14389017763241035	0.10183501369780856	0.24572519133021892	0.13013353870697125	0.08667225943091332	0.21680579813788456	0.1891381288880836	0.18261799662030903	0.177716785951275	0.17378010251401374	0.15173902878439893
D229775	0.14013879561226775	0.08171032012536378	0.22184911573763152	0.15177971793149764	0.1626000379625583	0.109553984082211	0.27215402204476935	0.16044415172782844	0.10385288245827072	0.2642970341860992	0.15588569636627336	0.10014764872669306	0.25603334509296644	0.15112013304637056	0.09822767886258398	0.24934781190895455	0.1362454904794517	0.08376788304635976	0.22001337352581143	0.19085400306349015	0.18407495832218496	0.17809049690982975	0.17378774538576924	0.1518906282860856
D229776	0.145421540943929	0.08047599838644615	0.22589753933037515	0.15318676885841065	0.16279100435175134	0.11077388137673588	0.27356488572848725	0.16008585996155866	0.10482358041410744	0.2649094403756661	0.15670063402486392	0.1008201874296408	0.2575208214545047	0.15121555946768628	0.09923509117414368	0.25045065064183	0.1348109643473246	0.08490534879053259	0.2197163131378572	0.19216938355261157	0.18486651039488677	0.17917050444207275	0.1748428709079868	0.1523108309641949
D229780	0.13953488372093023	0.08452982810920122	0.22406471183013144	0.1542972699696663	0.16372397417914322	0.10987511299959674	0.27359908717874	0.16084136292863654	0.10380191699501022	0.2646432799236468	0.15703111694709848	0.10046674186533842	0.2574978588124369	0.1532601230148224	0.0980588521941992	0.2513189752090216	0.13802405589592143	0.08362118923077312	0.22164524512669456	0.19173710008916836	0.18422259845932848	0.17898230033888768	0.1746889137016104	0.15263321717873385
D229783	0.1458077709611452	0.08384458077709611	0.2296523517382413	0.15674846625766872	0.1608728861365143	0.11154219903566236	0.27241508517217666	0.1575155588941606	0.10580631852627401	0.2633218774204346	0.15396430064231142	0.10185471444718427	0.2558190150894957	0.1517217806409751	0.09858719749109757	0.2503089781320727	0.1371616267477825	0.0838424375655019	0.22100406431328443	0.19197864210391952	0.1845640979733543	0.17883686476834	0.1744480878115851	0.15242325093939316
D229784	0.13680494263018536	0.08318623124448367	0.21999117387466904	0.15158870255957635	0.16383377426238763	0.10986774295985684	0.2737015172222445	0.16247818747295653	0.10426743427801805	0.2667456217509746	0.15696130672068329	0.10101539215812766	0.257976698878811	0.15218580325774514	0.09880429575215588	0.250990099009901	0.13848598670904363	0.08340469123479814	0.22189067794384176	0.19178463009105068	0.18550652801449632	0.1794960455184693	0.17489719738102844	0.15264768458931996
D237206	0.13199682413656214	0.08554982135768162	0.21754664549424377	0.1515482334259627	0.1590038295046608	0.1128939971141412	0.271897826618802	0.16123489750411135	0.10411588445540386	0.2653507819595152	0.15714913217655543	0.10063439561995788	0.25778352779651337	0.14650166515574436	0.1016979499831317	0.2481996151388761	0.12950969014014202	0.08792133078756567	0.2174310209277077	0.1923959118664716	0.18473333320745952	0.1792089617082356	0.17494878256100388	0.15267617585763668
D237232	0.14456852791878172	0.07796954314720812	0.22253807106598983	0.150253807106599	0.16537077254050306	0.109678932289277	0.2750497048297801	0.1640880399795076	0.10280997167796004	0.2668980116574676	0.16018798007313062	0.09964907114285013	0.2598370512159808	0.15438332719595657	0.09788002923044928	0.25226335642640585	0.13743007472968105	0.08427553515972304	0.2217056098894041	0.19236431855952857	0.18485399166771385	0.17974306117941544	0.17507169282842758	0.15299057252456358
D237233	0.14417435037720033	0.08235540653813915	0.22652975691533947	0.1544425817267393	0.1644389961679907	0.10944760047257568	0.2738865966405664	0.16552495568954315	0.102035766233923	0.26756072192346614	0.16116395766033784	0.09820094740739796	0.2593649050677358	0.15007531285685466	0.0995167833085555	0.24959209616541017	0.13356407252096694	0.08647837526722578	0.2200424477881927	0.19166709855657105	0.18479824407869455	0.17878292623756686	0.1745544397369828	0.15326041152770925
D237235	0.15033072760072158	0.08117859290438965	0.23150932050511125	0.15634395670475046	0.16877586312454146	0.10848686858346104	0.2772627317080025	0.16646666337547328	0.10208522418723348	0.2685518875627067	0.16276370620781846	0.09806022261955606	0.26082392882737454	0.15573654297233086	0.09708679142575788	0.25282333439808874	0.13799802963548258	0.08325040132424498	0.22124843095972752	0.19287480014573177	0.1853185558749701	0.1794420757234653	0.1749550629119233	0.15224941614198623
D237258	0.1388540359682141	0.08385612714345463	0.22271016311166875	0.1532831451275617	0.16141869514166415	0.11091243201120464	0.27233112715286883	0.15915170574419807	0.10446837307432028	0.26362007881851834	0.1557670402166034	0.10128279927563136	0.25704983949223476	0.15142741599901538	0.09848027522666931	0.2499076912256847	0.13702282813841904	0.08373745840897286	0.2207602865473919	0.19162177958203672	0.18404422594641937	0.17916631938393307	0.17419398322617702	0.1522488724781824
D237276	0.14797899063713177	0.07718657227677551	0.2251655629139073	0.1511760675953414	0.1623908879792571	0.1099600952169047	0.2723509831961618	0.15984817676562288	0.10357973326659783	0.2634279100322207	0.1562905386444142	0.09972043227101128	0.25601097091542546	0.15110003121388957	0.09760231850983651	0.24870234972372607	0.13628668402328148	0.08301459863964124	0.21930128266292273	0.19115553920653325	0.1835038216494093	0.17786570159321838	0.1731523341167813	0.151157940651282
D237277	0.1479591836734694	0.08439625850340136	0.2323554421768707	0.15837585034013604	0.1690621383494149	0.10805158591843848	0.27711372426785336	0.16721396031924152	0.1012197954932927	0.2684337558125342	0.1635860027698477	0.09762213078280696	0.2612081335526546	0.1564709876832295	0.09682285080941008	0.2532938384926396	0.1395798926507019	0.08258928571428571	0.2221691783649876	0.19258265509314593	0.18482677565291344	0.17941513216773078	0.17505834465102485	0.15237923203963666
D237278	0.14687687088405507	0.08102175214528039	0.22789862302933547	0.15446018758730792	0.1591483327776595	0.11286137209928218	0.2720097048769417	0.15525988994504847	0.10739472055232548	0.26265461049737393	0.1513340221516237	0.1035907067468786	0.2549247288985023	0.1493986655498982	0.10001947412304998	0.24941813967294815	0.13712257373298423	0.08410141132766934	0.22122398506065355	0.19243553848811193	0.1850246655248497	0.17925771782269043	0.17471880689799907	0.15266269819416145
D237300	0.1501513622603431	0.07790110998990918	0.22805247225025227	0.15297679112008072	0.166004206654977	0.10967713719634987	0.27568134385132687	0.16472974612953	0.10253061413191092	0.26726036026144095	0.1621192318800143	0.0981247338355581	0.2602439657155724	0.1541895198073275	0.09742403596960292	0.25161355577693045	0.13831159993749653	0.0834295248224448	0.22174112475994132	0.1926792405238384	0.18489548719667592	0.17918434977556524	0.17451879587326669	0.15258532479119305
D237304	0.143591941705958	0.08508358336905272	0.2286755250750107	0.15687955422203173	0.16379102649965407	0.10860017550025308	0.2723912019999072	0.16387351644768877	0.10135366870895487	0.2652271851566437	0.1609603026199841	0.09838104756378016	0.25934135018376425	0.1530678824721378	0.09763931104356637	0.25070719351570414	0.13726981109659023	0.08421844679418637	0.2214882578907766	0.19049568875008013	0.1832904269327993	0.17886119887377222	0.17417325227963526	0.15285335234248149
D237307	0.1392935982339956	0.08344370860927153	0.22273730684326712	0.1530905077262693	0.1616817742416026	0.11012704080867144	0.27180881505027404	0.15955709419933956	0.10491860228320896	0.2644756964825485	0.15670645685006623	0.1003239442684153	0.2570304011184815	0.15077552049280407	0.0994785225330256	0.25025404302582965	0.1364477191596822	0.08424741882349274	0.22069513798317497	0.19096792792947273	0.18469714938287873	0.17867717269344843	0.17486628277942765	0.15247127840333383
D237310	0.14533479692645446	0.0796926454445664	0.22502744237102085	0.15236004390779365	0.16622484879099853	0.10771825281519198	0.2739431016061905	0.1645295572732456	0.1013229928963084	0.265852550169554	0.1607468346854273	0.09754936367247224	0.2582961983578995	0.15316496274652733	0.09703054396808188	0.2501955067146092	0.13664794485575696	0.08371362011743681	0.22036156497319376	0.19083067721069125	0.1835877715329312	0.17792278101518588	0.17361302534134554	0.1520375925453153
D237311	0.1359510238547604	0.08570825416930547	0.22165927802406588	0.15368376609668566	0.16290530591952204	0.11008407289291912	0.2729893788124412	0.16029751012644783	0.10412854425673576	0.26442605438318356	0.1562655863522083	0.10020561261362132	0.25647119896582965	0.15195436860617303	0.0976181349836052	0.24957250358977823	0.13628048620684233	0.08426327293312297	0.2205437591399653	0.19153672585268017	0.18427729931995968	0.17833840578972548	0.1735953192866917	0.15240351603654417
D237313	0.15364583333333334	0.08313301282051282	0.23677884615384617	0.1599559294871795	0.1682546990411754	0.10888263906959986	0.2771373381107753	0.16677727170458434	0.1026963050354598	0.26947357674004413	0.1629422293766443	0.09803827348846147	0.26098050286510577	0.15532524848644877	0.09767450632768147	0.25299975481413023	0.13966731604975274	0.08292871771816775	0.22259603376792048	0.19300998859018756	0.18608494088775196	0.17950938817678364	0.17533713057090586	0.1527623757430441
D237325	0.14423076923076922	0.07992788461538461	0.22415865384615383	0.15204326923076922	0.16493933342334408	0.11016711772802108	0.27510645115136517	0.16148173005788724	0.10428853619286592	0.2657702662507531	0.15722834477727338	0.10016941717099984	0.25739776194827324	0.15349270624599895	0.09776206187285268	0.2512547681188516	0.13739591787657435	0.08393953968397111	0.22133545756054548	0.19263678443969312	0.18502940122180953	0.17878358955963655	0.17450841499585215	0.15263749862225828
D237327	0.14037951438481944	0.08467659661293614	0.22505611099775555	0.15486635380534586	0.16382197868747211	0.1101754261829223	0.2739974048703944	0.1626184511491123	0.10328841183867868	0.265906862987791	0.15920942137207278	0.09908632402560504	0.25829574539767786	0.15375344486278772	0.0979854830570974	0.2517389279198851	0.1363073078623206	0.08392505359337511	0.22023236145569572	0.1920864155266583	0.18459763741323484	0.17869103471164144	0.17486220548849124	0.15207870752453542
D237337	0.14497100579884023	0.08378324335132974	0.22875424915016995	0.15626874625074985	0.1629563614941921	0.11143805164922033	0.27439441314341245	0.15875623417040033	0.10583748944693357	0.2645937236173339	0.1559856068420772	0.10125819058826949	0.2572437974303467	0.15204024065639068	0.09873310842789584	0.25077334908428656	0.1361731738697291	0.08480974002893574	0.22098291389866484	0.1929162323963164	0.18521560653213373	0.17925099400930808	0.1747532287560912	0.1528963269638003
D237339	0.13600485731633272	0.08783647035013155	0.22384132766646428	0.15583889900829792	0.16697733155107097	0.10902029255501948	0.2759976241060904	0.16586789728600762	0.1019871871269506	0.26785508441295824	0.16259724789994168	0.09760897348404948	0.2602062213839912	0.15616122958340278	0.09716260298086628	0.25332383256426905	0.1394543081334697	0.08322204135525911	0.2226763494887289	0.19250895833055495	0.1849211357699544	0.17890759743402032	0.17524321777256768	0.15294919542199398
D237340	0.13764611043933897	0.08625554212011285	0.22390165255945185	0.15507859733978235	0.1633001012001772	0.11062622181940848	0.2739263230195857	0.16086371383839396	0.10425648421653388	0.26512019805492787	0.15794384055752952	0.09971521133865364	0.25765905189618316	0.1522165883788811	0.09817040778828597	0.2503869961671671	0.13852924903173883	0.08399476887480509	0.22252401790654391	0.1922762724194971	0.18468834113573088	0.1786871316174184	0.17427870197772655	0.15325939339067451
D237352	0.1302375809935205	0.08747300215982722	0.21771058315334776	0.15259179265658748	0.1670030733359289	0.10805940477769972	0.2750624781136286	0.166174126744198	0.10095114703190712	0.2671252737761051	0.16253048605344655	0.09758670573059468	0.26011719178404125	0.1535176201226444	0.09805546215796468	0.25157308228060904	0.13696671773025831	0.08367783770171867	0.220644555431977	0.19156094144566416	0.18403821040400617	0.17885194875731797	0.17481427221928686	0.15216119656684785
D237355	0.13930348258706468	0.08395522388059702	0.2232587064676617	0.15360696517412936	0.16258562540586963	0.11011689046232484	0.2727025158681945	0.15880715705765408	0.10477335984095427	0.26358051689860834	0.1570601223897546	0.09999873824995267	0.2570588606397073	0.15305802994152864	0.09804790877925756	0.2511059387207862	0.1373531939272415	0.08372549821991243	0.2210786921471539	0.19140970316525965	0.1841769383697813	0.17852879944482997	0.17457692375002187	0.15240209518353318
D237360	0.1356612482440297	0.08468793899257475	0.2203491872366045	0.1525185631145896	0.1641654187121109	0.11074128500612632	0.2749067037182372	0.16131011142213758	0.10439289752296678	0.26570300894510435	0.15774653973009176	0.10065868752190424	0.258405227251996	0.1525888539332624	0.09836928230314829	0.25095813623641067	0.13747058323881664	0.0841581684912137	0.22162875173003033	0.19282399436218176	0.18504795323403556	0.1795319573869501	0.17466370926977948	0.15289346011062202
D237361	0.13246308581211214	0.08752407447036165	0.21998716028247375	0.1537556173764177	0.16440289842607722	0.10968328029586308	0.2740861787219403	0.16450237613637983	0.10206488593934283	0.2665672620757227	0.16019072294234613	0.09932797054344145	0.2595186934857876	0.153439069761925	0.09891291670043828	0.2523519864623633	0.1367715733936994	0.08476542973252281	0.22153700312622215	0.1918847295089017	0.18431607400753275	0.1794233320146145	0.17563245158140078	0.1531512164293725
D237369	0.1417879417879418	0.08316008316008316	0.22494802494802496	0.15405405405405406	0.16537572467392964	0.10877507069026345	0.27415079536419307	0.16445509596386676	0.10214771502198212	0.26660281098584887	0.16191944478365286	0.09867657833679326	0.2605960231204461	0.1544324704068194	0.09677640294865296	0.2512088733554724	0.1396196277426247	0.0824636371106911	0.2220832648533158	0.19146293302722825	0.1843752630039155	0.1796363007286197	0.17399263815206267	0.15227345098200346
D237370	0.12971698113207547	0.08404802744425385	0.21376500857632932	0.1489065180102916	0.16137272833010188	0.11032277960306934	0.2716955079331712	0.16042502317962357	0.1041611179086873	0.26458614108831086	0.15640202114214366	0.10016707226829212	0.25656909341043577	0.15202889011438636	0.09851022993890302	0.2505391200532894	0.13626571383861041	0.08381409420478848	0.22007980804339888	0.19100914376812028	0.1843736294984991	0.17836808283936395	0.1745246749960962	0.15194695112409368
D237371	0.14345114345114346	0.08045738045738046	0.22390852390852392	0.1521829521829522	0.16763515033365825	0.10776828038955952	0.27540343072321777	0.16674286525068677	0.10110238330778051	0.2678452485584673	0.16362557966680263	0.09740654632454332	0.26103212599134595	0.15527265242398705	0.09671675294866965	0.2519894053726567	0.13795496330590024	0.08370249355996784	0.22165745686586807	0.19158585555638863	0.18447381593312392	0.17921933615794466	0.17435307916066317	0.15267997521291796
D237378	0.1351129363449692	0.08295687885010267	0.21806981519507188	0.15051334702258726	0.1682306495201686	0.10776662835450827	0.2759972778746769	0.1662030285815798	0.10169779386357912	0.26790082244515895	0.16309443158158568	0.09834255240477556	0.2614369839863612	0.1548478754434829	0.0963458750525018	0.2511937504959847	0.13966588966588966	0.08261511879932933	0.222281008465219	0.1918819531145926	0.18479930815436904	0.1798897681955684	0.17376981277424325	0.15244806363227417
D237379	0.15106692531522797	0.07225994180407372	0.22332686711930164	0.14779340446168768	0.16327614615696506	0.1078948373794873	0.27117098353645236	0.1619997939708375	0.10154428222249276	0.26354407619333026	0.1587891567870777	0.0988215572976671	0.2576107140847448	0.1515152178385548	0.09777018065301228	0.24928539849156703	0.13594702227369365	0.08394006227664569	0.21988708455033937	0.18953291045796983	0.18254417920791152	0.17821613569120595	0.17352778957228965	0.15191357341349251
D237385	0.14253852392538524	0.0786699107866991	0.22120843471208437	0.14993917274939172	0.16557227528207516	0.1097526971666345	0.2753249724487097	0.16349570954032722	0.1030135693762882	0.2665092789166154	0.15871482983167465	0.09979850104435434	0.258513330876029	0.15370550857213022	0.09740341964299418	0.25110892821512437	0.13836837149332867	0.08388092355564354	0.2222492950489722	0.1925388348076721	0.1847614241464518	0.17915591596019168	0.1742561739290593	0.15306510930230788
D237389	0.14585587535165548	0.08266608959099762	0.22852196494265312	0.15559402726682536	0.1599773784993315	0.11066991678208064	0.2706472952814121	0.1573734999381418	0.10507855994061611	0.26245205987875786	0.1534868848678003	0.1009398653890508	0.25442675025685113	0.15043568439516636	0.09854042689373838	0.24897611128890473	0.1347222855977174	0.08409406295378719	0.2188163485515046	0.1906586060317464	0.183765309909687	0.17768330782295097	0.17375826909132155	0.1514552057526459
D237391	0.147900182592818	0.08176100628930817	0.2296611888821262	0.1557110975857172	0.16969412761322725	0.10814247824201537	0.2778366058552426	0.16893576222435283	0.1010128817292084	0.2699486439535612	0.1644144960088879	0.09755461362895336	0.2619691096378413	0.15609274451797858	0.09687509530635274	0.25296783982433135	0.1388345490297176	0.08290998791885922	0.2217445369485768	0.19298954204862895	0.1854807628413848	0.17976186163339733	0.17492146756534205	0.152327262433718
D237394	0.14709622721492158	0.08075455701568461	0.2278507842306062	0.1543026706231454	0.16856524598915187	0.10781494438777832	0.27638019037693023	0.16745163552283693	0.10119245079129233	0.2686440863141292	0.16334772913029877	0.09791832739674884	0.2612660565270476	0.15585027166075077	0.09685014804480784	0.2527004197055586	0.13911591437105875	0.08272745187520743	0.2218433662462662	0.19209756738235428	0.18491826855271076	0.17959219196189824	0.1747752838751832	0.1522854090607368
D243901	0.1442	0.083	0.2272	0.1551	0.1679833654881887	0.1088734398894233	0.27685680537761204	0.16821486687998125	0.10168415203672589	0.26989901891670715	0.16434389096773108	0.09801560693780537	0.2623594979055365	0.15571534744045845	0.09666612592287988	0.2523814733633383	0.13824792678081968	0.08343848304570202	0.2216864098265217	0.19286512263351763	0.1857915854767165	0.18018755242167092	0.1745237996431091	0.15256244643611186
D243906	0.1407146007940009	0.0811645346272607	0.2218791354212616	0.15152183502426114	0.16149136678348577	0.11128835797931448	0.2727797247628002	0.15857645026115624	0.10547137211288304	0.2640478223740393	0.1557544446747312	0.10120765742767451	0.2569621021024057	0.1511218842936199	0.0983786226992822	0.2495005069929021	0.13619026131733666	0.08357377005666963	0.2197640313740063	0.19203404137105737	0.18475959724346117	0.17908487976504012	0.17393956484609216	0.15166890071533795
D243907	0.14335095567303782	0.08235054900366003	0.22570150467669783	0.15402602684017894	0.16490693568726356	0.11077629255989913	0.2756832282471627	0.16305008549889505	0.10423858641826857	0.2672886719171636	0.15930438555262302	0.10023018426792966	0.2595345698205527	0.1534106603017009	0.09783658471074774	0.25124724501244866	0.13777344125215493	0.08399013159557742	0.22176357284773235	0.1932297604035309	0.18576362916771608	0.17988237704424118	0.1745419148615982	0.15287685222165487
D243916	0.13804109315778976	0.08218631557949332	0.22022740873728305	0.1512068621583882	0.1657599872115735	0.11065985283318595	0.2764198400447595	0.16681192063474098	0.10242291164408628	0.2692348322788273	0.16311338747016277	0.09863618371337068	0.2617495711835334	0.1518881340460123	0.09931611486856053	0.2512042489145728	0.13459736014016602	0.08519933916025364	0.21979669930041965	0.1935398464389727	0.18582887196145675	0.18019287744845203	0.17526018189156667	0.15249801923033665
D243918	0.13843058350100604	0.0909456740442656	0.22937625754527163	0.1601609657947686	0.16317106369350254	0.111101325113095	0.27427238880659754	0.15974301162027854	0.105197077209625	0.26494008882990355	0.15583960861432203	0.10130222073001104	0.25714182934433305	0.1522842447978106	0.09909687160855	0.25138111640636057	0.135840665909648	0.08479693057271631	0.2206375964823643	0.19268685695984628	0.18506858301976428	0.17922202503717205	0.1752389940074553	0.1527172635275403
D243930	0.14007234726688103	0.08118971061093247	0.2212620578778135	0.151225884244373	0.16408163019134966	0.1110704564005034	0.2751520865918531	0.16277924128158552	0.10455059866287528	0.2673298399444608	0.15780951299148563	0.1010341469073473	0.25884365989883296	0.15083338219079373	0.09942524713994733	0.25025862933074106	0.13471293924597774	0.08587058752901625	0.220583526774994	0.19311127149617824	0.18594021930366805	0.17993890340309013	0.1748419382353442	0.15322705715200513
D243937	0.13703033956198513	0.08378541289933696	0.22081575246132207	0.1523005826803295	0.16103388203505528	0.11208752139530397	0.27312140343035923	0.1581897622435795	0.10634241777117076	0.26453218001475026	0.1548420368279294	0.10146744682827157	0.256309483656201	0.15023152869945497	0.099190364440852	0.24942189314030697	0.13487167732558872	0.08493301125672847	0.2198046885823172	0.1926044624128316	0.1854372988929605	0.17888846524223626	0.17430612879057947	0.15236884991952282
D243940	0.14425770308123248	0.08143257302921168	0.22569027611044415	0.15356142456982794	0.1688299103984076	0.10872810554758716	0.2775580159459948	0.16711860005041285	0.10198099588295052	0.26909959593336336	0.16435660381936862	0.0981315668146854	0.262488170634054	0.15819147967775704	0.0960887836997254	0.25428026337748244	0.14049141010717295	0.08306908039979127	0.22356049050696425	0.19314306074679097	0.18554029590815696	0.18030986872436972	0.17518452353860392	0.15331478545337776
D243950	0.14008792965627498	0.0837330135891287	0.2238209432454037	0.15377697841726615	0.16451373942639771	0.1105070323840032	0.2750207718104009	0.1620940273582961	0.10468245577869777	0.2667764831369938	0.15910893993085773	0.10046062785788812	0.25956956778874585	0.15359965899853453	0.09819257906877175	0.2517922380673063	0.13851456832061546	0.08322363902036942	0.22173820734098487	0.19276390209720207	0.1857294694578458	0.180015097823317	0.17499240856803902	0.15248092318067716
D244001	0.1411459373128369	0.08265122778997804	0.22379716510281497	0.15322419644639648	0.16744019564517515	0.10958149449398008	0.27702169013915523	0.16697899740888153	0.10255771513549115	0.26953671254437267	0.1633578813538993	0.09829443231702928	0.26165231367092856	0.15626890053303036	0.09633360276896932	0.2526025033019997	0.1401690809807595	0.08362748301831253	0.223796563999072	0.19330159231656768	0.18604721383993192	0.17997337299397895	0.1744680530354845	0.15371202350869229
D244005	0.13949201147070872	0.08275297009422368	0.2222449815649324	0.15249897582957803	0.16762655536256568	0.10851535736620326	0.2761419127287689	0.1680512556232781	0.10123450571336684	0.269285761336645	0.16415949453047726	0.09744509563668394	0.2616045901671612	0.15543744983813798	0.09703272185463524	0.25247017169277325	0.13730693632517485	0.08400587126887465	0.2213128075940495	0.1923286350474861	0.18526013352500592	0.17952484290192258	0.17475144677370424	0.1526593394314621
D244017	0.13654863654863655	0.08323158323158324	0.21978021978021975	0.1515059015059015	0.16251740200781406	0.11108706923651623	0.2736044712443303	0.15964619678860872	0.10572737223398872	0.26537356902259746	0.15689262165176387	0.10082617542898512	0.25771879708074896	0.15172903064990845	0.09873738100031636	0.2504664116502248	0.13628796914253813	0.08419062603090821	0.2204785951734463	0.1923457702404233	0.1855504706282931	0.17927248625486705	0.1746018963252706	0.1523346106021773
D244025	0.13766233766233765	0.08191808191808192	0.21958041958041957	0.15074925074925077	0.16624453694900088	0.1100430252718542	0.2762875622208551	0.16575349942876072	0.1030075230424938	0.26876102247125455	0.16289259087230712	0.09871095639182711	0.2616035472641342	0.15550590464257005	0.0977464607998913	0.2532523654424613	0.13882981651146617	0.08327036912869216	0.22210018564015832	0.19316529374635463	0.18588427275687416	0.18015725182798067	0.1754994131211763	0.15268527738442525
D244027	0.14234089540252962	0.08652880947600883	0.22886970487853844	0.15769925717727365	0.1692270645308557	0.10847886179269656	0.2777059263235523	0.1673823324128304	0.10195391921828058	0.26933625163111097	0.1641898260305706	0.09835046029461748	0.2625402863251881	0.15712247077391248	0.09625660363093382	0.2533790744048463	0.13998524022164685	0.08268728032321412	0.22267252054486095	0.1930923940581244	0.18564508542469577	0.1804453733099028	0.17481783901789005	0.15267990043403756
D244029	0.14171176588494688	0.08238123872519543	0.2240930046101423	0.15323712166766887	0.16623467390870242	0.10999141339510364	0.27622608730380604	0.16453043750023533	0.10358389468967567	0.26811433218991104	0.1612968877949268	0.09985968978512905	0.26115657758005584	0.15475059919504364	0.0974407965148706	0.2521913957099142	0.13820406919073425	0.08352010234192096	0.2217241715326552	0.19310875034945485	0.18584911343979335	0.18050813368259244	0.1748160961123924	0.1526221369372881
D244032	0.14174198849630237	0.07826622843056696	0.22000821692686937	0.14913722267871815	0.16718690497743205	0.10868090454875567	0.2758678095261878	0.16675856698742844	0.10118324133419504	0.26794180832162345	0.1628793295949218	0.098342804812264	0.2612221344071858	0.15469173510450657	0.09740679992967854	0.2520985350341851	0.135767654672896	0.08493703333917652	0.22070468801207252	0.19227435703747173	0.18456252482790925	0.17978246960972488	0.17475266748193183	0.15282086067562453
D244033	0.14248549129477686	0.07524514708825294	0.2177306383830298	0.1464878927356414	0.16415594855305465	0.11053054662379422	0.2746864951768489	0.161783233726377	0.1039611580377588	0.2657443917641358	0.15825100268831477	0.10033881453524009	0.25858981722355484	0.15299275263643652	0.0977978000695989	0.25079055270603545	0.13713613495857632	0.08383100142667635	0.22096713638525267	0.19260852090032152	0.1848527749009473	0.17946431587939746	0.17429417638781716	0.1523990689059645
D244042	0.13940483323347314	0.08647892949870181	0.22588376273217495	0.15618134611543838	0.1659607185293912	0.10959170835455172	0.27555242688394294	0.16343575956168763	0.10344496019969908	0.2668807197613867	0.1606516891648884	0.09919677751936126	0.25984846668424966	0.15202744066107732	0.09854941974906337	0.2505768604101407	0.13700422815557017	0.08413605020841086	0.221140278363981	0.19257206761924733	0.18516283998054292	0.17952262210180545	0.17456314007960202	0.15263816428619592
D244045	0.1350379544546544	0.08629644426687974	0.22133439872153415	0.15381542149420696	0.16257980419502008	0.11138498134356375	0.27396478553858383	0.16093226181145118	0.10529307886262548	0.26622534067407666	0.15763676926512862	0.1015698357159839	0.2592066049811125	0.1514255523897579	0.09891503292639206	0.25034058531614994	0.13559309324321622	0.08461726889159951	0.2202103621348157	0.1926748834410738	0.18575920976835103	0.1803882203485482	0.17462780912127102	0.15241381551320762
D244054	0.14294258373205743	0.08014354066985646	0.2230861244019139	0.15161483253588515	0.16924315234020795	0.10886850336141504	0.278111655701623	0.16755535932617852	0.10181285755256685	0.26936821687874535	0.16554555904593465	0.09765995281988764	0.26320551186582225	0.15785981045888406	0.09657660918597614	0.2544364196448602	0.1396327543920117	0.08260778348893318	0.2222405378809449	0.193490079531519	0.18559053721565608	0.18043273234285495	0.17550651441541815	0.15242416068493905
D244055	0.14688928642417015	0.08010335917312661	0.22699264559729676	0.15354800238521168	0.16573375590173983	0.10987911996695726	0.2756128758686971	0.16211923234745185	0.10410280750255752	0.26622203985000936	0.15907036456480136	0.09953407637493147	0.25860444093973284	0.1536455579557986	0.0983447135066544	0.251990271462453	0.13821176835351567	0.0835556600164526	0.22176742836996827	0.1927459979178272	0.18516242367628344	0.17906925865733217	0.17516749248455368	0.15266154419321043
D244073	0.14933120383310042	0.07925733679377121	0.22858854062687164	0.15392293871032142	0.16805814919986836	0.10905875633768866	0.277116905537557	0.1675782723500566	0.10195775179177669	0.26953602414183325	0.16335045391111686	0.098241903693153207	0.2615923576042701	0.15515791141269702	0.09747771738515448	0.2526356287978515	0.1377401660555317	0.08407935096466075	0.2218195170201924	0.19308783093762283	0.18574688796680497	0.17991713064871165	0.175056673091503	0.15294943399242658
D244077	0.14047619047619048	0.08392857142857142	0.2244047619047619	0.15416666666666667	0.1682203609842993	0.10944857830978828	0.2776689392940876	0.1652770169440299	0.10310168306919285	0.2683787000132228	0.1632851447457798	0.09807573681014432	0.26136088155592413	0.1560492570922487	0.09711410723875744	0.25316336433100617	0.13945646150850902	0.08306833668635213	0.22252479819486115	0.19355875880193793	0.1857401915412078	0.17971830918303422	0.17513873578488182	0.15279656744060663
D244083	0.1360544217687075	0.08063225290116047	0.2166866746698679	0.1486594637855142	0.1688455479286897	0.10879704052598582	0.27764258845467554	0.1674813534637973	0.10195467793729288	0.2694360314010902	0.1650431959181307	0.0976450010629868	0.2626881969811175	0.1556390778233239	0.09719304620345871	0.2528321240267826	0.13834593998897962	0.08321645043330161	0.2215623904222812	0.19321981449033068	0.18569535466919151	0.18016659902205215	0.1750125851151207	0.1523894204277914
D244086	0.15354017501988862	0.07577565632458234	0.22931583134447095	0.15254574383452665	0.16947514476829054	0.10862534287226704	0.27810048764055756	0.167218881972508	0.1017377722851099	0.26895665425761794	0.16447490454452382	0.09725738650735338	0.2617322910518772	0.15718677867511197	0.09603635807723448	0.2532231367523465	0.14015296319338774	0.08276303197935171	0.22291599517273947	0.1933629152564123	0.18534721327136391	0.17949483877961528	0.17462974741479048	0.15283951357604558
D244087	0.1357484076433121	0.0875796178343949	0.223328025477707	0.15545382165605096	0.16743698779803337	0.10943320476893362	0.276870192566967	0.1689166251753949	0.10100107122919778	0.26991769640459273	0.1633144978702176	0.09825300280133543	0.261567500671553	0.15299136128069157	0.09890382953730424	0.2518951908179958	0.13438044505156208	0.08528119212198411	0.21966163717354617	0.19315169866795032	0.18545938381689525	0.17991025173644423	0.17539951017765	0.15247141464776515
D244090	0.15352365741665003	0.08105410261529247	0.2345777600319425	0.1578159313236175	0.1657090372301139	0.11039606780596084	0.27610510503607477	0.16258952918679778	0.10479487962826764	0.2673844088150654	0.15871104255181331	0.10085813743153732	0.25956917998335066	0.15418919377780124	0.09783777461696053	0.25202696839476174	0.13903764707058888	0.08302206621364175	0.22205971328423063	0.1932505864210178	0.18608964422166657	0.180213658707444	0.1749323715058611	0.1525408897489362
D244112	0.1223916532905297	0.08788121990369181	0.2102728731942215	0.14907704654895665	0.14950641609073542	0.11800206035025956	0.26750847644099496	0.14942036342637588	0.11100186638636274	0.2604222298127386	0.1455046769788972	0.10740013726177164	0.25290481424066885	0.13087286291341524	0.10942562203221706	0.2402984849456323	0.1149699670800203	0.0951929830700818	0.2101629501501021	0.1927552683956273	0.18571204809955064	0.18015247575122023	0.17486205348892467	0.15267796661009195
D244123	0.1456369107321966	0.0802407221664995	0.22587763289869608	0.1530591775325978	0.1674853043687915	0.10883190538303468	0.27631720975182616	0.16823516164309313	0.10148808217374128	0.2697232438168344	0.16320258853834418	0.09810589430943609	0.26130848284778024	0.1545225987736482	0.09776116856079996	0.2522837673344482	0.13729032710725328	0.08417235901111073	0.221462686118364	0.1925745575674304	0.18560566299528783	0.17970718857860818	0.17502246794762408	0.15281752256473738
D244139	0.13882163034705408	0.08494753833736884	0.22376916868442293	0.15435835351089588	0.16271637060148264	0.11156819064441456	0.2742845612458972	0.16316112924908777	0.10375456116765892	0.2669156904167467	0.15954157301177063	0.10028822523056798	0.2598297982423386	0.15034346615546124	0.09962990856116968	0.24997337471663092	0.13349910833144954	0.08567050963253209	0.21916961796398163	0.19292637594515585	0.1853351257922028	0.18005901173645328	0.1748016416389003	0.15242006379825684
D244143	0.1449073151285629	0.08570859079130955	0.23061590591987244	0.15816224835559098	0.1675166068572961	0.10942212739896286	0.276938734256259	0.16687556089045738	0.10227234000658868	0.26914790089704604	0.16413071731826365	0.09790802229645816	0.26203873961472185	0.15409433730731836	0.09735036200077404	0.2514446993080924	0.13678414482115955	0.0841950368873244	0.22097918170848396	0.1931804308276109	0.18571012045181737	0.17997338095559	0.17439753065443322	0.15258710929790417
D244144	0.1436084142394822	0.07605177993527508	0.2196601941747573	0.14785598705501618	0.16314827363731166	0.11063105870322956	0.27377933234054125	0.16065324797662303	0.10467347213411	0.26532672011073305	0.15682820459570726	0.10109334343199892	0.25792154802770617	0.1524724882500414	0.0985511715693833	0.2510236598194247	0.13578809745304604	0.08428833630855102	0.22007643376159705	0.1922051955218854	0.18500009612242152	0.17950744572985255	0.17478741569440398	0.15218238503507406
D244147	0.131062124248497	0.08597194388777556	0.21703406813627257	0.15150300601202404	0.16252155772877655	0.11221203517941722	0.27473359290819377	0.16042773702568042	0.10606650968168188	0.26649424670736227	0.15874331006573195	0.10040109673016367	0.2591444067958956	0.15378126043901913	0.09804232414794012	0.25182358458695925	0.13670625142282475	0.08424373269157162	0.22094998411439637	0.1934728140438055	0.1862803781945221	0.17977275176302965	0.1749329543674497	0.15259685840298398
D244162	0.13762575452716297	0.08551307847082495	0.22313883299798792	0.15432595573440644	0.16368814553668737	0.11135047620788809	0.27503862174457544	0.1624821913389425	0.10419842784564164	0.26668061918458413	0.15865676703745543	0.1009254673085322	0.25958223434598765	0.15046184133718424	0.099127060735665	0.24958890207284923	0.13483946239980604	0.08475132708052387	0.21959078948032992	0.19319454897623176	0.1854395235151129	0.18025385082725992	0.1743579814042571	0.1521710582804269
D244163	0.13697529624422575	0.08656356698132155	0.2235388632255473	0.15505121510343442	0.16186612864123218	0.11190097248300158	0.27376710112423375	0.15940848074871963	0.10503790681361765	0.26444638756233724	0.1552093000537293	0.10170224197723832	0.2569115420309676	0.14908839626081163	0.09998911916801724	0.2490775154288289	0.1322991572289263	0.08548106604609369	0.21778022327502	0.1928340368036177	0.18474214718797743	0.17930689200410296	0.17453331729842303	0.15163064466055684
D244168	0.1428856117975289	0.08190514149063371	0.2247907532881626	0.15334794738939816	0.16427834495003418	0.11085051845275942	0.27512886340279363	0.16268109716607598	0.10385390252237928	0.2665349996884553	0.1585053155220928	0.10117018313822278	0.2596754986603156	0.1512392285055547	0.09888000965216392	0.25011923815771864	0.13566122919097456	0.08485510197453072	0.2205163311655053	0.1929896909277765	0.1851944511054173	0.1804228408992692	0.17449962390494125	0.152685716570018
D244179	0.14537171256989026	0.08096914475046593	0.2263408573203562	0.15365500103541105	0.16569238783739448	0.10951858362184357	0.27521097145923806	0.16409879922355508	0.10370686611113215	0.26780566533468725	0.15958483887058753	0.0998706103091426	0.2594554491797301	0.15403476186220377	0.0980470252689906	0.25208178713119433	0.13866296572204137	0.08410294612880512	0.2227659118508465	0.1923647775405408	0.1857562657229097	0.17966302974443638	0.17506440620009248	0.15343442898982582
D244183	0.1503371677905593	0.0799285997619992	0.2302657675525585	0.15509718365727887	0.17071599052499178	0.1078886137055934	0.2786046042305852	0.17078739532933723	0.10064247107747046	0.2714298664068077	0.16634957240319015	0.09706447583357355	0.26341404823676373	0.15711372626096357	0.0963640933667713	0.25347781962773486	0.13788052541176118	0.08344892859467878	0.2213294540064399	0.1932466089680893	0.18603616874213907	0.18023926203516863	0.1749209564972531	0.15238919130055936
D244186	0.14565434565434565	0.07572427572427573	0.22137862137862135	0.14855144855144856	0.16545082899845515	0.10972914070668624	0.2751799697051414	0.16156023179416798	0.10444196331252596	0.26600219510669393	0.1595283944249897	0.10018003340378816	0.25970842782877784	0.15341562074701345	0.09793399364887344	0.2513496143958869	0.13623166641637885	0.08406167092155979	0.22029333733793863	0.1924545552059138	0.18522207920960995	0.179944230616283	0.17464180402238016	0.1521775041297492
D247994	0.14080459770114942	0.08169129720853859	0.222495894909688	0.1520935960591133	0.1690363219895288	0.10778386780104712	0.27682018979057593	0.16706073406733624	0.10137166387951783	0.2684323979468541	0.16504847213282298	0.09756582923461692	0.2626143013674399	0.15617254962095437	0.09637438782453686	0.2525469374454912	0.1385666324014199	0.0832366985856724	0.2218033309870923	0.1923020287958115	0.18490203091318597	0.18009006530102842	0.17446066263501403	0.15252001478638236
D154288	0.1384062312762133	0.08348312362692231	0.2218893549031356	0.15268623926502897	0.17003189586754858	0.10793653653112674	0.2779684323986753	0.16982586613459097	0.10064279883910757	0.27046866497369854	0.16624857030266332	0.09682775390944127	0.2630763242121046	0.15720695245635863	0.09663876635373073	0.2538457188100894	0.13867281115194122	0.08348727831922033	0.22216008947116153	0.19295248446490104	0.18555573190640304	0.17995203906077295	0.17524224258191004	0.15282368389519094
D229171	0.1413577489950871	0.0757034390352836	0.2170611880303707	0.14638231353282716	0.1659785857244146	0.10706464670035272	0.2730432324247673	0.16550469067824472	0.10086602031531368	0.2663707109935584	0.16189663572180307	0.097071228813445265	0.25896786453524834	0.15511932255581215	0.09637323309255892	0.2514925556483711	0.1374030846521514	0.08351962728685333	0.22092271193900473	0.19005393956256003	0.18361836565443604	0.1780195466743468	0.173932894370465	0.15222116961292903
D211376	0.13928357014208526	0.08545127076245747	0.2247348409045427	0.1550930558335001	0.16271053324905158	0.11146729390456594	0.27417782715361755	0.16165915934364009	0.10405093008265932	0.26571008942629937	0.1582360321298268	0.10071816219698024	0.25895419432680705	0.15063059935241865	0.09893918924018628	0.2495697885926049	0.1348431098231238	0.08486809233536524	0.21971120215848905	0.19282256052909172	0.18488050975447937	0.17983617826189366	0.17425448891639558	0.15228964724692717
D229509	0.14542908581716343	0.08201640328065612	0.22744548909781956	0.15473094618923786	0.16391028352087053	0.11054531280922038	0.2744555963300909	0.16127625526622147	0.10433470226651348	0.26561095753273495	0.15703357979571023	0.10084305079760754	0.2578766305933178	0.1522650237533059	0.09869011813323404	0.25095514188653995	0.1373218560739668	0.08418324590303367	0.2215051019770005	0.19250045456965564	0.1849728298996242	0.17935984069546265	0.17482263000988696	0.15284417394001706
D229518	0.1394927536231884	0.08313204508856682	0.2226247987117552	0.15287842190016104	0.16739092874305875	0.10935855091331356	0.2767494796563723	0.16565894193646308	0.10248057750500383	0.2681395194414669	0.16295881901877474	0.09795855377062304	0.2609173727893978	0.15573139281653073	0.09683663217405618	0.2525680249905869	0.13845456208082696	0.0825681637684173	0.22102272584924423	0.19305401528484292	0.18531004847323537	0.1794379632800104	0.17470232858232154	0.15179544480883078
D229556	0.12595184194278658	0.08355628730191397	0.20950812924470055	0.14653220827330726	0.1533909933884985	0.11488939249033224	0.26828038587883074	0.15541919059252923	0.1065667827326933	0.26198597332522255	0.1509947654479453	0.10330468702994323	0.25429945247788854	0.13743482310924207	0.10608807238741648	0.24352289549665856	0.1180397781359869	0.09362458273573052	0.21166436087171744	0.19158488918458147	0.1842763780289579	0.17880206975391588	0.1748054839420375	0.15264447180372395
D229560	0.14867042707493958	0.08158742949234489	0.23025785656728445	0.15592264302981468	0.1691274720749888	0.10824751631902534	0.27737498839401414	0.16837744367209517	0.10127011847067212	0.26964756214276725	0.16582006506357386	0.0977939911875919	0.26361405625116574	0.1574583068652641	0.0957192836081272	0.2531775904733913	0.13988915845223251	0.08246380338545914	0.22235296183769163	0.19281125235651975	0.1854588403067197	0.18070402371937885	0.17444843704075924	0.15240838261157538
D229630	0.14060923945935042	0.07867661892273553	0.21928585838208595	0.14898123865241072	0.16843666693167192	0.1088356440784912	0.27727231101016314	0.16788890177564744	0.1022114311463659	0.27010033292201335	0.16483912210188975	0.09742097491063682	0.26226009701252656	0.1559167696120412	0.09700106861088165	0.25291783822292285	0.1382857802412323	0.0838516875472039	0.2221374677884362	0.19305397754432715	0.1861558820341896	0.1798405359615817	0.17495945341690225	0.15299457766782004
D229635	0.144991037641904	0.08066122286397132	0.22565226050587536	0.15315674168492333	0.16288299809672332	0.11109262512866412	0.27397562322538743	0.1614254256831853	0.10425806256165376	0.26568348824483906	0.15568569681739625	0.10130799189304988	0.25699368871044614	0.1503673558881847	0.099848596827149	0.2502159527153337	0.13444713409917566	0.08592320382103422	0.22037033792020988	0.19253412417702576	0.1849707754032464	0.179150840301748	0.17503227477124134	0.15314677087062203
D229638	0.14446453686960015	0.07976692786819368	0.22423146473779385	0.15199919630299377	0.16748710417289928	0.1089595401923722	0.27644664436527144	0.16701685470241628	0.10144414500829792	0.26846099971071424	0.16449371573400276	0.09853854841557172	0.2630322641495745	0.15447353257820437	0.0975469681117227	0.25202050068992704	0.13870064154694137	0.08339106251819724	0.2220917040651386	0.19270309227882185	0.18495257235950607	0.1807854062825731	0.17478373440082487	0.15274138329166792
D229646	0.1435129740518962	0.08083832335329341	0.2243512974051896	0.15259481037924152	0.16488672053727774	0.11043308407079204	0.27531980460806976	0.1624955120089193	0.10360362062775184	0.2660991326366711	0.15876929880217647	0.09990194381957662	0.2586712426217531	0.15344187924833086	0.09831972735198542	0.25176160660031627	0.13787061523003014	0.0830413069451457	0.22091192217517583	0.1928764443394309	0.1848513766322115	0.17928659322066487	0.17504066697615084	0.15197661456016076
D229675	0.1476923076923077	0.08287179487179487	0.23056410256410256	0.15671794871794872	0.16860021504029182	0.10788778881277016	0.27648800385306194	0.16805275407292475	0.10099495733126454	0.2690477114041893	0.16485193301796328	0.09765789661811217	0.26250982963607544	0.15663649567634638	0.09636890047420715	0.25300539615055356	0.1387180733191027	0.0834679645540378	0.2221860378731405	0.19218789633291605	0.18502133436772691	0.18008386312709382	0.17468714831238036	0.15282700121358914
D229735	0.15200358182225207	0.07991940899932841	0.2319229908215805	0.15592119991045444	0.160341955341354	0.11063994690494114	0.27098190224629515	0.15819834554776208	0.10436469243753868	0.26256303798530073	0.1549182788215575	0.10118922709535864	0.2561075059169161	0.15106442184456456	0.09854509041644578	0.24960951226101033	0.13749242559734343	0.0839070303803618	0.2213994559777052	0.19081092457561813	0.1834638652114197	0.17864836650613738	0.17407730133872806	0.15265324317903353
D229753	0.14262461851475075	0.0762970498474059	0.21892166836215665	0.1476093591047813	0.16240477496184838	0.11077015977472564	0.273174934736574	0.1603306460716802	0.10459689128852316	0.26492753736020336	0.1575295225711397	0.10017032490278624	0.25769984747392594	0.15100194644116388	0.0991858764845697	0.25018782292573355	0.13494849149127586	0.0853609396976647	0.22030943118894056	0.19197254725564983	0.18476221432436324	0.1789350861883561	0.17468684970515164	0.15283518544330263
D229777	0.13775817124523762	0.08341688389813515	0.22117505514337277	0.15229596952075397	0.16864471899050296	0.10884390495743736	0.2774886239479403	0.16773807320564585	0.10185790203239904	0.2695959752380449	0.16409853740295977	0.09789867235280982	0.26199720975576957	0.15544067834969108	0.09756934752596996	0.253010025875661	0.13983213848574927	0.08249194414607948	0.2223240826318287	0.19316626445268884	0.18572693863522197	0.1799479410542897	0.1752896867008155	0.1524080133889541
