parameter,outer_width,inner_width,point_est,ll,l,m,h,hh
b_Intercept,0.95,0.8,median,0.28236531512627,0.347036756683045,0.454261278829276,0.571439125929092,0.649059232373559
b_scaletotal_load,0.95,0.8,median,-0.112127199260269,-0.0836908924044159,-0.0250545695701438,0.0323793418427319,0.0646530357925702
b_age_catyearling,0.95,0.8,median,-1.32459538935232,-1.2732014711564,-1.16817875222288,-1.06141818327634,-0.994129526142563
sd_site__Intercept,0.95,0.8,median,0.00299882313694403,0.0111615228695722,0.0610048208787974,0.183551650142795,0.299115281051918
sd_site:id__Intercept,0.95,0.8,median,0.137234609484222,0.212842947115637,0.322118301425848,0.41010578716536,0.453620779317223
sd_year__Intercept,0.95,0.8,median,0.0082643240928007,0.0332306439348249,0.124235227985236,0.249567148743617,0.331613424036104
sigma,0.95,0.8,median,0.697742264630569,0.718305857617442,0.759207679329881,0.809224471702897,0.834101888049445
r_site[KUM,Intercept],0.95,0.8,median,-0.192923408897284,-0.103782161194064,-0.00696452463272197,0.0478999849423201,0.116741709463264
r_site[LEH,Intercept],0.95,0.8,median,-0.207196563379025,-0.114970508674632,-0.00682141351459661,0.0565352153301076,0.131881197864675
r_site[NYR,Intercept],0.95,0.8,median,-0.165443305182083,-0.0816956776117471,-0.00144499994397199,0.0663346313454958,0.135266070409451
r_site[SAA,Intercept],0.95,0.8,median,-0.0844470912247367,-0.037586448029238,0.0162785171869551,0.149427133203993,0.250592277439794
r_site[TEE,Intercept],0.95,0.8,median,-0.151040387862506,-0.0766036638550615,0.00111788978518917,0.0822959608566403,0.166726075478923
r_site:id[KUM_D211341,Intercept],0.95,0.8,median,-0.653659023239367,-0.458350864307063,-0.109267649249037,0.20345922338418,0.358959001875552
r_site:id[KUM_D211374,Intercept],0.95,0.8,median,-0.694546711016731,-0.517582510794672,-0.177497811018057,0.12650096551018,0.270994529922856
r_site:id[KUM_D211376,Intercept],0.95,0.8,median,-0.674445272415908,-0.468661472116731,-0.135880042242348,0.153452438258227,0.318685074562057
r_site:id[KUM_D211385,Intercept],0.95,0.8,median,-0.616819096916001,-0.405678544876857,-0.0724646990220808,0.243618520928452,0.425662468498065
r_site:id[KUM_D211401,Intercept],0.95,0.8,median,-0.501296994283902,-0.277571465859582,0.0735632108276405,0.450134896352134,0.683250019944804
r_site:id[KUM_D211403,Intercept],0.95,0.8,median,-0.354960379772945,-0.166971120057974,0.18985852210888,0.582420755598322,0.840307875507839
r_site:id[KUM_D211435,Intercept],0.95,0.8,median,-0.757502837878607,-0.567015715582002,-0.200636210440086,0.100263571074388,0.264993460362964
r_site:id[KUM_D211438,Intercept],0.95,0.8,median,-0.789164101721306,-0.605811353867072,-0.258176134358789,0.0436981975825619,0.201370464442733
r_site:id[KUM_D211450,Intercept],0.95,0.8,median,-0.551527837005021,-0.355019164225295,-0.00191478319169163,0.344562607952009,0.537719605048097
r_site:id[KUM_D211456,Intercept],0.95,0.8,median,-0.369652756457229,-0.170952764549142,0.161215237540567,0.543758190282821,0.790896081634136
r_site:id[KUM_D211474,Intercept],0.95,0.8,median,-0.364272786629758,-0.202519168735324,0.100918334565342,0.420738119541709,0.608296632181511
r_site:id[KUM_D211478,Intercept],0.95,0.8,median,-0.457650917991918,-0.259407145521933,0.0488094482293253,0.383543687195036,0.570503414662342
r_site:id[KUM_D211482,Intercept],0.95,0.8,median,-0.275368817623011,-0.0950225941949089,0.235954092046979,0.643191653966102,0.87262825336776
r_site:id[KUM_D217818,Intercept],0.95,0.8,median,-0.850887643655464,-0.648475481842709,-0.29002671031626,0.00329203134049985,0.163000032108403
r_site:id[KUM_D217896,Intercept],0.95,0.8,median,-0.480734146128163,-0.330485931194395,-0.0160538074489258,0.291958140834825,0.459523164286586
r_site:id[KUM_D217897,Intercept],0.95,0.8,median,-0.540640077734755,-0.337652891412933,0.000471468054392949,0.347936785171464,0.542860605977531
r_site:id[KUM_D217932,Intercept],0.95,0.8,median,-0.705719320858725,-0.486526782631903,-0.109206284562617,0.227832336397468,0.414301496093339
r_site:id[KUM_D217969,Intercept],0.95,0.8,median,-0.581697157547175,-0.391308721006576,-0.0190183677897836,0.32555551146676,0.494788950387461
r_site:id[KUM_D217977,Intercept],0.95,0.8,median,-0.333433992157975,-0.134753446191304,0.159299378011867,0.49626708273382,0.714716356591204
r_site:id[KUM_D229025,Intercept],0.95,0.8,median,-0.648096165618984,-0.434035963007811,-0.0576970374260399,0.2763705312945,0.489897858551872
r_site:id[KUM_D229043,Intercept],0.95,0.8,median,-0.506794067054817,-0.32976911319517,0.0251167840448719,0.37866032491497,0.550099280304401
r_site:id[KUM_D229126,Intercept],0.95,0.8,median,-0.379456228887651,-0.214928331409222,0.115748516184356,0.45227763587843,0.666225631011661
r_site:id[KUM_D229164,Intercept],0.95,0.8,median,-0.346977643501339,-0.169613858342637,0.150432693695007,0.580871758808506,0.844589044252864
r_site:id[KUM_D229165,Intercept],0.95,0.8,median,-0.964314847111717,-0.766970963836222,-0.359547519708581,-0.0142586468160664,0.130417976380938
r_site:id[KUM_D229167,Intercept],0.95,0.8,median,-0.246981275894761,-0.101657196294162,0.20427804303172,0.530075136363361,0.718611622528037
r_site:id[KUM_D229192,Intercept],0.95,0.8,median,-0.281380281205914,-0.117166452207409,0.202210241825236,0.595828143096264,0.837308818656073
r_site:id[KUM_D229193,Intercept],0.95,0.8,median,-0.583606555466229,-0.40553069105288,-0.0902457493650734,0.210547956979369,0.371710399990139
r_site:id[KUM_D229509,Intercept],0.95,0.8,median,-1.04449682040518,-0.797703400061872,-0.396071271469748,-0.0491789004872466,0.116904311952267
r_site:id[KUM_D229512,Intercept],0.95,0.8,median,-0.687192689650891,-0.467248074575574,-0.0919038442851442,0.24980840589243,0.426012996853762
r_site:id[KUM_D229599,Intercept],0.95,0.8,median,-0.637650033694417,-0.466782213882851,-0.112228394019209,0.187536822084827,0.382813928546334
r_site:id[KUM_D229635,Intercept],0.95,0.8,median,-0.626975554423944,-0.409777559751,-0.0629069713670637,0.251726836453779,0.437773420179489
r_site:id[KUM_D229658,Intercept],0.95,0.8,median,-0.539831458141096,-0.379232438319546,-0.075302635497959,0.214448724724953,0.396879150708917
r_site:id[KUM_D229679,Intercept],0.95,0.8,median,-0.45288875868433,-0.259668450550266,0.0475422798503944,0.398927801496075,0.597420467613404
r_site:id[KUM_D229721,Intercept],0.95,0.8,median,-0.391409226392628,-0.236622802349939,0.0783394441502354,0.415670148390238,0.595952072210703
r_site:id[KUM_D229734,Intercept],0.95,0.8,median,-0.399652959927198,-0.209055696353583,0.0917430258610899,0.422489444176247,0.639815864545803
r_site:id[KUM_D229735,Intercept],0.95,0.8,median,-0.859355571118497,-0.636788712202952,-0.240898201433303,0.0908140110324248,0.252619307665724
r_site:id[KUM_D229737,Intercept],0.95,0.8,median,-0.364203831999212,-0.194141073577858,0.108028934835525,0.426590241263353,0.603003225323483
r_site:id[KUM_D237206,Intercept],0.95,0.8,median,-0.799848037341403,-0.577951945555679,-0.207621915734294,0.112855588784438,0.285677000866426
r_site:id[KUM_D237235,Intercept],0.95,0.8,median,-0.414071530337326,-0.202828944206381,0.170636748787962,0.600210023281588,0.839720221976615
r_site:id[KUM_D237258,Intercept],0.95,0.8,median,-0.279453513842199,-0.120210461375121,0.159251231185427,0.485751603108266,0.656108476160351
r_site:id[KUM_D237310,Intercept],0.95,0.8,median,-0.824630135189496,-0.581188568649049,-0.211270245708936,0.112787894643473,0.291306623143105
r_site:id[KUM_D237311,Intercept],0.95,0.8,median,-0.300826523804677,-0.124843560740366,0.184764997539641,0.526128584573079,0.744073972095952
r_site:id[KUM_D237313,Intercept],0.95,0.8,median,-0.374384128091712,-0.214254659735966,0.0720494415774696,0.352421003088997,0.525262775268369
r_site:id[KUM_D237325,Intercept],0.95,0.8,median,-0.790036722773029,-0.582692763306,-0.205591360768004,0.133061498255917,0.303109203964872
r_site:id[KUM_D237327,Intercept],0.95,0.8,median,-0.563818928658899,-0.36133884839017,-0.0209857976631439,0.334131244983834,0.547595742402131
r_site:id[KUM_D237337,Intercept],0.95,0.8,median,-0.297346798215174,-0.12976025568907,0.163204440412894,0.499020235192431,0.697350844634295
r_site:id[KUM_D237339,Intercept],0.95,0.8,median,-0.458323147650646,-0.273935848020951,0.0299649049286729,0.360288022565479,0.557658545729723
r_site:id[KUM_D237340,Intercept],0.95,0.8,median,-0.447377604636429,-0.284340561696792,0.0240892660633554,0.330460553095728,0.505189194644852
r_site:id[KUM_D237389,Intercept],0.95,0.8,median,-0.453649507226878,-0.255907471235558,0.0871183267900232,0.45768761731281,0.687027771662946
r_site:id[KUM_D243930,Intercept],0.95,0.8,median,-0.512563597842682,-0.348062099149288,-0.0493497520204305,0.238291143417973,0.399669771019584
r_site:id[KUM_D243937,Intercept],0.95,0.8,median,-0.548887338636055,-0.344631918755162,-0.0167617195650423,0.294077217399138,0.478968835796854
r_site:id[KUM_D243940,Intercept],0.95,0.8,median,-0.628821135329673,-0.389540063325194,-0.0297341474600218,0.34114618885066,0.536341267895694
r_site:id[KUM_D244017,Intercept],0.95,0.8,median,-0.591736118025509,-0.404199320844764,-0.0622401291276418,0.243474229735654,0.416323503225734
r_site:id[KUM_D244112,Intercept],0.95,0.8,median,-0.406457726878073,-0.208899336878135,0.119387904720271,0.497365154964616,0.682824262834521
r_site:id[KUM_D244139,Intercept],0.95,0.8,median,-0.558619666264969,-0.367977625565826,0.0116243223342602,0.354059520287775,0.567669524189078
r_site:id[KUM_D244143,Intercept],0.95,0.8,median,-0.366650090566759,-0.199503401520895,0.157812987377163,0.576237061858901,0.821525761893029
r_site:id[KUM_D244144,Intercept],0.95,0.8,median,-0.551030359975005,-0.350406407357093,0.00800144684833923,0.38007198578926,0.598197592995907
r_site:id[KUM_D244147,Intercept],0.95,0.8,median,-0.53312987921625,-0.331446665026405,0.0152136902674844,0.372752157411614,0.549151722546091
r_site:id[KUM_D244183,Intercept],0.95,0.8,median,-0.46920628680996,-0.288788316621052,0.0161461205970511,0.311213201664103,0.486803935113148
r_site:id[KUM_D244186,Intercept],0.95,0.8,median,-0.432221297908984,-0.281836177221849,0.0222123144827516,0.322012873334827,0.493368755897515
r_site:id[LEH_D211334,Intercept],0.95,0.8,median,-0.338815936165391,-0.162380767341564,0.11915924051933,0.41778818115396,0.600154859649074
r_site:id[LEH_D211489,Intercept],0.95,0.8,median,-1.19298156469831,-0.980249326414764,-0.537132172821814,-0.11178740929781,0.0382850604987245
r_site:id[LEH_D211490,Intercept],0.95,0.8,median,-0.637845320031784,-0.418272122158306,-0.0649395121526734,0.263321564279613,0.460058058384961
r_site:id[LEH_D217891,Intercept],0.95,0.8,median,-0.380560830203313,-0.169790048791724,0.17942163253008,0.573489375590609,0.783541740929461
r_site:id[LEH_D229032,Intercept],0.95,0.8,median,-0.61379113605608,-0.416894218916749,-0.0783296498310928,0.200098676204625,0.352844943028111
r_site:id[LEH_D229051,Intercept],0.95,0.8,median,-0.593205020912005,-0.398642787884501,-0.0584518004311164,0.246633391366288,0.413810558099086
r_site:id[LEH_D229054,Intercept],0.95,0.8,median,-0.611718169902027,-0.433537959142642,-0.0642210322366414,0.281248191373583,0.483481966937595
r_site:id[LEH_D229055,Intercept],0.95,0.8,median,-0.358948183160983,-0.14928320097259,0.192840954116864,0.600007405720624,0.87841573222983
r_site:id[LEH_D229056,Intercept],0.95,0.8,median,-0.457116260531207,-0.27632371738011,0.0596166609702491,0.422102215483625,0.62834888421099
r_site:id[LEH_D229133,Intercept],0.95,0.8,median,-0.75729656386236,-0.570452960612868,-0.230151042480356,0.0738907872835177,0.226512912219374
r_site:id[LEH_D229518,Intercept],0.95,0.8,median,-0.38926695402357,-0.217268237484341,0.134995546651482,0.560472524879512,0.821656537165108
r_site:id[LEH_D229560,Intercept],0.95,0.8,median,-0.570807887979411,-0.367957508845686,0.021801229085366,0.376807661896248,0.610504799485729
r_site:id[LEH_D229630,Intercept],0.95,0.8,median,-0.674631239332421,-0.478592115500454,-0.111942222533939,0.233722657571486,0.425979552024669
r_site:id[LEH_D229646,Intercept],0.95,0.8,median,-0.232969109960038,-0.0783760757022989,0.223505802399484,0.579439971180361,0.802179718412673
r_site:id[LEH_D229648,Intercept],0.95,0.8,median,-0.612058898862931,-0.415069507442589,-0.0434409391277723,0.290744967276529,0.476220557144141
r_site:id[LEH_D229740,Intercept],0.95,0.8,median,-0.702116778602289,-0.484137372268345,-0.110099017845838,0.204682128335915,0.415424614268192
r_site:id[LEH_D229742,Intercept],0.95,0.8,median,-0.343183529276072,-0.176498604235993,0.125400584476504,0.437130325624808,0.6049141346928
r_site:id[LEH_D229776,Intercept],0.95,0.8,median,-0.923190779335723,-0.706683428602214,-0.30243745224171,0.0223039953545352,0.172742951500823
r_site:id[LEH_D237300,Intercept],0.95,0.8,median,-0.48780210887922,-0.260467615698445,0.0789244663378867,0.505359283883856,0.726820454671457
r_site:id[LEH_D237307,Intercept],0.95,0.8,median,-0.872634226682495,-0.63756932677403,-0.233486296408281,0.0906203055414779,0.261726310164651
r_site:id[LEH_D243906,Intercept],0.95,0.8,median,-0.382177827292185,-0.18449549292315,0.174849161185492,0.589867985862681,0.852677243400002
r_site:id[LEH_D243907,Intercept],0.95,0.8,median,-0.500897214528518,-0.307261451303434,0.0438589893844048,0.424710674122913,0.640336287547559
r_site:id[LEH_D243950,Intercept],0.95,0.8,median,-0.312170884818737,-0.115219027323755,0.217509850575215,0.629703355618644,0.811681567870218
r_site:id[LEH_D244001,Intercept],0.95,0.8,median,-0.755302786452585,-0.547803241195193,-0.166491525134328,0.177023156384126,0.375797602185878
r_site:id[LEH_D244042,Intercept],0.95,0.8,median,-0.535193435252576,-0.339856499434514,0.0331902343895496,0.415213746131776,0.647941984725336
r_site:id[LEH_D244054,Intercept],0.95,0.8,median,-0.426977944999776,-0.237551923357339,0.100290266562666,0.522054250118831,0.757627597907957
r_site:id[LEH_D244055,Intercept],0.95,0.8,median,-0.814680817511345,-0.62416248205501,-0.257974471727682,0.0706143282119591,0.244073357202292
r_site:id[LEH_D244083,Intercept],0.95,0.8,median,-0.453431321309337,-0.246320751839769,0.0994547270516507,0.439747684590865,0.687434766510263
r_site:id[LEH_D244090,Intercept],0.95,0.8,median,-0.470694477821106,-0.278215312962366,0.101596047684923,0.491533460995,0.708983017417059
r_site:id[NYR_D154280,Intercept],0.95,0.8,median,-0.771918170209577,-0.539310982532952,-0.176829710190842,0.154918266105306,0.327636473536441
r_site:id[NYR_D154288,Intercept],0.95,0.8,median,-0.71375681262216,-0.476775590091866,-0.110573919003002,0.208143025431422,0.363053863644706
r_site:id[NYR_D211308,Intercept],0.95,0.8,median,-0.278337412797196,-0.109738415755057,0.227356840532058,0.630037322215451,0.85499000592255
r_site:id[NYR_D211312,Intercept],0.95,0.8,median,-0.618831687537908,-0.434604795104622,-0.118759063900354,0.172980046413228,0.346150458376781
r_site:id[NYR_D211320,Intercept],0.95,0.8,median,-0.746082249847829,-0.555422783316369,-0.222505140001952,0.0865777132643214,0.238960207599575
r_site:id[NYR_D211349,Intercept],0.95,0.8,median,-0.221085531045992,-0.0647890223733995,0.255969561282878,0.620297061102126,0.849047737643939
r_site:id[NYR_D211350,Intercept],0.95,0.8,median,-0.360839523932723,-0.160868481111996,0.205213155151333,0.606333898305455,0.888082275979898
r_site:id[NYR_D211411,Intercept],0.95,0.8,median,-0.445476367852024,-0.250225987195101,0.0685908894294828,0.434470891529544,0.6154435378826
r_site:id[NYR_D211412,Intercept],0.95,0.8,median,-0.273084131799571,-0.124767509902541,0.222745417435798,0.661141445952823,0.919641659717695
r_site:id[NYR_D211431,Intercept],0.95,0.8,median,-0.558969874386669,-0.360322500581599,-0.0334041221375825,0.307296753603911,0.493336830051738
r_site:id[NYR_D211461,Intercept],0.95,0.8,median,-0.793152663199434,-0.567621868323039,-0.186081192403201,0.143401301591474,0.323258987167822
r_site:id[NYR_D217821,Intercept],0.95,0.8,median,-0.56655759697376,-0.375590386114769,-0.0518207283568384,0.255355854294401,0.397720367437964
r_site:id[NYR_D217870,Intercept],0.95,0.8,median,-0.332611374490618,-0.15079792116482,0.197595632851134,0.638225131531757,0.898000108774577
r_site:id[NYR_D217910,Intercept],0.95,0.8,median,-0.340789248354873,-0.166894939437282,0.148943349910675,0.503671066116386,0.707500881877831
r_site:id[NYR_D217911,Intercept],0.95,0.8,median,-0.471907944653328,-0.270687262062773,0.0706577254788153,0.434254738065456,0.644189909750643
r_site:id[NYR_D217947,Intercept],0.95,0.8,median,-0.697514176216933,-0.500147634643548,-0.164935144857748,0.131987962185419,0.316273457290949
r_site:id[NYR_D217949,Intercept],0.95,0.8,median,-0.505538015018564,-0.330671826078404,-0.015141374874493,0.291452384200127,0.458043904570139
r_site:id[NYR_D217961,Intercept],0.95,0.8,median,-0.241719574245349,-0.0872844216469592,0.209600481704233,0.53568025488608,0.73018707197749
r_site:id[NYR_D217964,Intercept],0.95,0.8,median,-0.413440504184845,-0.213736925671194,0.105794864061818,0.491483856989616,0.701228096850124
r_site:id[NYR_D217965,Intercept],0.95,0.8,median,-0.693157438663303,-0.48888616593727,-0.154358080887227,0.156677743279995,0.304070545338183
r_site:id[NYR_D229082,Intercept],0.95,0.8,median,-1.05800134284451,-0.813564960748633,-0.378039172208228,-0.0235825720576809,0.132265574474358
r_site:id[NYR_D229093,Intercept],0.95,0.8,median,-1.02925429186563,-0.81028706107715,-0.363929298946998,-0.0058226388205005,0.143917621839235
r_site:id[NYR_D229096,Intercept],0.95,0.8,median,-0.57887425863826,-0.423854675216613,-0.126227038105998,0.143297512745831,0.287615401440677
r_site:id[NYR_D229154,Intercept],0.95,0.8,median,-0.394232150333654,-0.196219997945884,0.098446420739426,0.450129597845234,0.647720380803916
r_site:id[NYR_D229556,Intercept],0.95,0.8,median,-0.799176808416025,-0.608844002836352,-0.243428331528074,0.0890141172535367,0.256603574606762
r_site:id[NYR_D229714,Intercept],0.95,0.8,median,-0.597920857083378,-0.349154135949759,0.0220939427851855,0.390981649489319,0.602460949385349
r_site:id[NYR_D229716,Intercept],0.95,0.8,median,-0.575846343504429,-0.319205294898156,0.0400564133585671,0.428524919240491,0.632109880907871
r_site:id[NYR_D229718,Intercept],0.95,0.8,median,-0.674895929166704,-0.458876443993288,-0.133026294620123,0.166535154605803,0.325355844354798
r_site:id[NYR_D229770,Intercept],0.95,0.8,median,-0.542298209036328,-0.341524623291967,0.0388675749595982,0.422871882261378,0.661547575716202
r_site:id[NYR_D229771,Intercept],0.95,0.8,median,-1.0582997541722,-0.772649683668423,-0.295256617247206,0.0499929780994245,0.24175660091259
r_site:id[NYR_D229772,Intercept],0.95,0.8,median,-0.586780322510697,-0.402464611048469,-0.0814894066486204,0.251625150580625,0.442529138901331
r_site:id[NYR_D229783,Intercept],0.95,0.8,median,-0.388568296091331,-0.195536725464916,0.108924111868811,0.465522033676217,0.648576247789794
r_site:id[NYR_D229784,Intercept],0.95,0.8,median,-0.61361444643313,-0.396587968846457,-0.064157129130626,0.243988218373415,0.447197127234928
r_site:id[NYR_D237276,Intercept],0.95,0.8,median,-0.549292260525828,-0.354388484761776,-0.00478415228704067,0.329228072781973,0.510960150786998
r_site:id[NYR_D237277,Intercept],0.95,0.8,median,-0.539319809434877,-0.316089371071788,0.0327277745083964,0.462504881590695,0.684167658078653
r_site:id[NYR_D237278,Intercept],0.95,0.8,median,-0.492429225046146,-0.281317909275877,0.0627651770761783,0.45392775437359,0.672352989558107
r_site:id[NYR_D237352,Intercept],0.95,0.8,median,-0.326016969400257,-0.146367044421792,0.207542143917676,0.6270975881096,0.882128455918813
r_site:id[NYR_D237360,Intercept],0.95,0.8,median,-0.501580149514946,-0.289229836320342,0.0700322961296701,0.453017252481827,0.696835251005872
r_site:id[NYR_D237361,Intercept],0.95,0.8,median,-0.281357792922169,-0.112264479836793,0.223687003418286,0.604078610498648,0.848053810468625
r_site:id[NYR_D237378,Intercept],0.95,0.8,median,-0.366566785563756,-0.173027320846602,0.182219847464689,0.595994500460518,0.847223702368867
r_site:id[NYR_D237379,Intercept],0.95,0.8,median,-0.501124615134119,-0.302562891684706,0.0672528340767064,0.435632822191385,0.647385144123645
r_site:id[NYR_D237391,Intercept],0.95,0.8,median,-0.658032147338887,-0.464711501834951,-0.144776605833503,0.144109341955966,0.286301289492179
r_site:id[NYR_D237394,Intercept],0.95,0.8,median,-0.247661346183569,-0.0834673048123233,0.251797164448212,0.659275540146504,0.885583893663267
r_site:id[NYR_D243901,Intercept],0.95,0.8,median,-0.652545807171631,-0.439968053198428,-0.0900227323362728,0.24873632943664,0.426355929462579
r_site:id[NYR_D243916,Intercept],0.95,0.8,median,-0.68493860806373,-0.466690289846856,-0.0891680955969036,0.247659421360758,0.417354224479808
r_site:id[NYR_D243918,Intercept],0.95,0.8,median,-0.581821124186599,-0.351612261446814,0.0163935124538373,0.373156885471626,0.599838267250619
r_site:id[NYR_D244032,Intercept],0.95,0.8,median,-0.564254081530119,-0.374072546262517,-0.0416776811495656,0.28401664472117,0.483110934302197
r_site:id[NYR_D244033,Intercept],0.95,0.8,median,-0.442117216296702,-0.247185342070445,0.102086505597918,0.499706576505798,0.729270557562482
r_site:id[NYR_D244077,Intercept],0.95,0.8,median,-0.420177039273774,-0.225332440711834,0.102899055359621,0.502653655669007,0.72463407977375
r_site:id[NYR_D244162,Intercept],0.95,0.8,median,-0.918338011568481,-0.698963903223074,-0.280453948108397,0.0788768402239785,0.249597633792957
r_site:id[NYR_D244163,Intercept],0.95,0.8,median,-0.369291517424536,-0.158466190555164,0.183765342621155,0.605796872152398,0.859492799580788
r_site:id[NYR_D244168,Intercept],0.95,0.8,median,-0.302441059325144,-0.145799139948811,0.147224768814991,0.46647619730855,0.649597612041244
r_site:id[NYR_D244179,Intercept],0.95,0.8,median,-0.650934764705659,-0.447420299522863,-0.100364727076216,0.230247307930226,0.401936573886954
r_site:id[NYR_D247994,Intercept],0.95,0.8,median,-0.701726364561123,-0.480337514314335,-0.113305784681761,0.211711388849155,0.386284954311542
r_site:id[SAA_D229097,Intercept],0.95,0.8,median,-0.263941515354202,-0.0764910618814237,0.242131192205009,0.662236655365208,0.89059314889221
r_site:id[SAA_D229103,Intercept],0.95,0.8,median,-0.66280913802152,-0.451586873726369,-0.0965940040794254,0.231626819857721,0.429741650792802
r_site:id[SAA_D229160,Intercept],0.95,0.8,median,-0.427888888381971,-0.250981954200637,0.0688883803115262,0.414387455830224,0.603937712353639
r_site:id[SAA_D229161,Intercept],0.95,0.8,median,-0.500097835614186,-0.298255856759304,0.0636056573217521,0.448311282832848,0.708410654778346
r_site:id[SAA_D229162,Intercept],0.95,0.8,median,-0.713184798838924,-0.49140288941533,-0.122623564615247,0.193758340523701,0.407242567298267
r_site:id[SAA_D229170,Intercept],0.95,0.8,median,-0.550416370031695,-0.349579243071033,-0.0277690764450771,0.309294692155988,0.466316299465966
r_site:id[SAA_D229171,Intercept],0.95,0.8,median,-0.341331849951455,-0.138366887738869,0.19315947407649,0.600991408279626,0.818539015313804
r_site:id[SAA_D229186,Intercept],0.95,0.8,median,-0.163345344528668,-0.0219823622048761,0.289724238767952,0.619197062029105,0.796918010047227
r_site:id[SAA_D229633,Intercept],0.95,0.8,median,-0.484338251124709,-0.277386561101043,0.0894892173908311,0.479072688255448,0.720787092255534
r_site:id[SAA_D229638,Intercept],0.95,0.8,median,-0.837382171697473,-0.58745077785838,-0.202749802381753,0.122319373356793,0.32383755959554
r_site:id[SAA_D229759,Intercept],0.95,0.8,median,-0.618147970766896,-0.42514647495765,-0.0801664110061993,0.227792311092821,0.396258750835751
r_site:id[SAA_D229775,Intercept],0.95,0.8,median,-1.0481750536586,-0.779369660836243,-0.297163595710559,0.0589642213008494,0.243294246063156
r_site:id[SAA_D229777,Intercept],0.95,0.8,median,-0.335939772076965,-0.175716890231342,0.14720485570542,0.509979981713618,0.699115778718652
r_site:id[SAA_D229780,Intercept],0.95,0.8,median,-0.59324758886465,-0.417313677183122,-0.0680101272550846,0.261214809116296,0.430344928363755
r_site:id[SAA_D237232,Intercept],0.95,0.8,median,-0.437599738698583,-0.248267162311411,0.0788372976398482,0.429786555860041,0.659406792762096
r_site:id[SAA_D237233,Intercept],0.95,0.8,median,-0.753986323350192,-0.552835934236061,-0.173532772823646,0.147213830033162,0.359771835169087
r_site:id[SAA_D237355,Intercept],0.95,0.8,median,-0.502910073352886,-0.27294877681135,0.0718226650913637,0.475789098087147,0.715486714272569
r_site:id[SAA_D237369,Intercept],0.95,0.8,median,-0.597063178749954,-0.381836562574111,-0.00858516943764794,0.363676476796302,0.586132749183788
r_site:id[SAA_D237371,Intercept],0.95,0.8,median,-0.434477685051812,-0.249056543759601,0.102209454106587,0.486775300129847,0.694934972685309
r_site:id[SAA_D244005,Intercept],0.95,0.8,median,-0.361965101555174,-0.188525716984654,0.123782852615159,0.469993229720616,0.659799965153408
r_site:id[SAA_D244029,Intercept],0.95,0.8,median,-0.342668218569147,-0.14969871490939,0.209046748238176,0.62381427940822,0.893605511909218
r_site:id[SAA_D244045,Intercept],0.95,0.8,median,-0.341731739696194,-0.152062950935954,0.19696310880648,0.619043657020821,0.885013598179377
r_site:id[SAA_D244073,Intercept],0.95,0.8,median,-0.757590744109754,-0.535530259391517,-0.145764405879339,0.174439384939123,0.35971099800906
r_site:id[SAA_D244086,Intercept],0.95,0.8,median,-0.709860449857613,-0.503266948541737,-0.121060869347696,0.221281325493894,0.416425468823723
r_site:id[SAA_D244087,Intercept],0.95,0.8,median,-0.337502267499714,-0.127430865291388,0.221537976048159,0.654450099868727,0.976214405560613
r_site:id[SAA_D244123,Intercept],0.95,0.8,median,-0.585997218997065,-0.420727091743472,-0.0731663326331858,0.270316617965451,0.478976415911329
r_site:id[TEE_D154259,Intercept],0.95,0.8,median,-0.300626694950039,-0.129050815897288,0.179057307045166,0.538449825702843,0.775853520461413
r_site:id[TEE_D154299,Intercept],0.95,0.8,median,-0.519711535120473,-0.335669840134514,0.00172847485112457,0.329296866501294,0.515693822925129
r_site:id[TEE_D211445,Intercept],0.95,0.8,median,-0.32815864134105,-0.154474955215695,0.154836678915212,0.500785796921563,0.668927924462766
r_site:id[TEE_D211451,Intercept],0.95,0.8,median,-0.652515305836107,-0.433048639316748,-0.0723410394044019,0.269229359419154,0.437319211284971
r_site:id[TEE_D217810,Intercept],0.95,0.8,median,-0.616795545806058,-0.383476118679661,-0.0443802310766898,0.29455366455772,0.481018710732092
r_site:id[TEE_D217831,Intercept],0.95,0.8,median,-0.524784997252565,-0.332918927309625,0.0104208496434233,0.323413385946556,0.483406542736489
r_site:id[TEE_D217835,Intercept],0.95,0.8,median,-0.220624826303877,-0.0584407570708508,0.258309971865811,0.598089619527367,0.795515479607834
r_site:id[TEE_D217864,Intercept],0.95,0.8,median,-0.895469731426423,-0.661360459347738,-0.250930108406422,0.0872230695824749,0.243415609649021
r_site:id[TEE_D217993,Intercept],0.95,0.8,median,-0.654070496595822,-0.501859880959365,-0.200447498780867,0.0949416426286599,0.250502752179609
r_site:id[TEE_D229063,Intercept],0.95,0.8,median,-0.589161786333613,-0.376599000689211,-0.0351973146819713,0.286035027312521,0.505504782438682
r_site:id[TEE_D229155,Intercept],0.95,0.8,median,-0.47703363501166,-0.287477541885614,0.0241815630907945,0.344466452915391,0.513686341168774
r_site:id[TEE_D229675,Intercept],0.95,0.8,median,-0.406522138319025,-0.211755987080888,0.142038488390581,0.578881106129224,0.829785551659286
r_site:id[TEE_D229676,Intercept],0.95,0.8,median,-0.322457821768411,-0.147871300807197,0.199092535815127,0.656193085694821,0.906102017354827
r_site:id[TEE_D229705,Intercept],0.95,0.8,median,-0.61340796308748,-0.451533792973293,-0.143635631590786,0.13289408175819,0.278687846462587
r_site:id[TEE_D229707,Intercept],0.95,0.8,median,-0.650040336541525,-0.462919668267112,-0.0999526125910896,0.237659691129465,0.442857966959575
r_site:id[TEE_D229753,Intercept],0.95,0.8,median,-0.380720234358825,-0.180668235279177,0.136969753619755,0.475556675688668,0.67752313130611
r_site:id[TEE_D237304,Intercept],0.95,0.8,median,-0.669209065950655,-0.469055541962549,-0.109435364016589,0.226232512782253,0.432365107170814
r_site:id[TEE_D237385,Intercept],0.95,0.8,median,-0.402940426358437,-0.216485606900281,0.122941159523211,0.506183123131886,0.717700377037435
r_site:id[TEE_D244025,Intercept],0.95,0.8,median,-0.702729556749761,-0.497027724550254,-0.156066557918806,0.159042708935153,0.327394817492672
r_site:id[TEE_D244027,Intercept],0.95,0.8,median,-0.530805127698445,-0.363337980004594,-0.0573159045011898,0.209498713795298,0.392299547674205
r_year[2002,Intercept],0.95,0.8,median,-0.376792078612453,-0.235914270128746,-0.0363406996812603,0.062063332550867,0.141412641610012
r_year[2003,Intercept],0.95,0.8,median,-0.265274484421081,-0.16457748992555,-0.0190197391028021,0.0847903286543027,0.162496568352723
r_year[2004,Intercept],0.95,0.8,median,-0.197734269416423,-0.12100980197737,0.00166659160341406,0.122833820209616,0.187582088081795
r_year[2005,Intercept],0.95,0.8,median,-0.274428315984181,-0.171124329066092,-0.0271714289796842,0.0607902407052363,0.118548276476904
r_year[2006,Intercept],0.95,0.8,median,-0.384473211717584,-0.289924010057436,-0.118565884760862,-0.00161414836760697,0.0266216499934218
r_year[2007,Intercept],0.95,0.8,median,-0.170835710549237,-0.0986142600883663,0.00287831556963909,0.0996935352768179,0.165444600155542
r_year[2008,Intercept],0.95,0.8,median,-0.214234514892933,-0.140535951395338,-0.0156009246798329,0.0688127608204491,0.120570192419889
r_year[2009,Intercept],0.95,0.8,median,-0.0689949503566623,-0.0142334678608851,0.0863604672968808,0.266655608711587,0.357475883626756
r_year[2010,Intercept],0.95,0.8,median,-0.0599220966910554,-0.0135818956925205,0.112162884260008,0.327421561878383,0.476340752719951
r_year[2011,Intercept],0.95,0.8,median,-0.379995842182832,-0.226215309145072,-0.0315194055666396,0.0808812192896222,0.177212706677608
r_year[2012,Intercept],0.95,0.8,median,-0.194958997694396,-0.0896217678838014,0.0304857387693609,0.249177890821853,0.407360174600971
r_year[2013,Intercept],0.95,0.8,median,-0.226505462197104,-0.110451784853043,0.0213183094886493,0.241781646353132,0.419937834833572
lprior,0.95,0.8,median,-9.63088741123013,-9.56282433356591,-9.43350701210417,-9.31496461025352,-9.24594862143775
lp__,0.95,0.8,median,-881.717760443243,-866.854118954874,-842.585128663797,-820.097503952401,-809.181909564248
