id,year,born,age,core,site,lifespan,lyre,blue,eyec,attend,fight,dist,MS
D154259,2002,1999,3,no core,TEE,6,NA,NA,NA,NA,NA,NA,7
D154259,2003,1999,4,no core,TEE,6,NA,0.268,4.99,1,0.37,8.65,4
D154259,2004,1999,5,no core,TEE,6,247,0.269,4.55,0.96,0.33,5,3
D154259,2005,1999,6,no core,TEE,6,NA,0.278,4.34,1,0.12,7.16,1
D154280,2002,2001,1,core,NYR,2,191,0.243,2.63,0.128205128205128,NA,NA,0
D154280,2003,2001,2,core,NYR,2,NA,NA,NA,0.52,0.18,32.52,1
D154288,2002,2001,1,core,NYR,2,189,0.228,3.46,0,NA,NA,0
D154288,2003,2001,2,core,NYR,2,222,0.274,3.81,0.8,0.12,36,1
D154299,2003,2002,1,core,TEE,3,170,0.284,2.22,0,NA,NA,0
D154299,2004,2002,2,core,TEE,3,209,0.266,4.54,0.95,0.23,19.03,0
D154299,2005,2002,3,core,TEE,3,NA,0.255,4.93,1,0.36,9.49,3
D211308,2002,2001,1,core,NYR,2,187,0.252,NA,0.88,NA,19.45,0
D211308,2003,2001,2,core,NYR,2,213,0.253,3.5,0.95,0.51,9.74,1
D211312,2002,2000,2,no core,NYR,5,218,NA,3.42,0.03,NA,NA,0
D211312,2003,2000,3,no core,NYR,5,214,0.271,3.88,0.79,0.31,29.9,1
D211312,2004,2000,4,no core,NYR,5,217,0.277,4.91,0.97,0.19,13,0
D211312,2005,2000,5,no core,NYR,5,214,0.272,2.65,0.88,0.15,17.12,0
D211320,2002,2001,1,core,NYR,4,193,0.276,3.44,0.01,NA,NA,0
D211320,2003,2001,2,core,NYR,4,NA,NA,NA,1,0.31,13.79,8
D211320,2004,2001,3,core,NYR,4,NA,NA,NA,0.04,NA,NA,0
D211320,2005,2001,4,core,NYR,4,233,0.268,4.63,0.95,0.34,3,6
D211334,2002,2000,2,no core,LEH,6,218,NA,NA,0.5,0.75,34.05,0
D211334,2003,2000,3,no core,LEH,6,213,0.287,4.88,1,0.1,15.04,0
D211334,2004,2000,4,no core,LEH,6,219,0.283,3.19,0.97,0.17,6,0
D211334,2005,2000,5,no core,LEH,6,216,0.289,2.78,1,0.48,7.21,1
D211334,2006,2000,6,no core,LEH,6,212,0.266,NA,0.97,NA,16.28,1
D211341,2002,2001,1,core,KUM,3,182,0.253,NA,0.08,NA,NA,0
D211341,2003,2001,2,core,KUM,3,224,0.248,2.1,0.96,0.42,17.36,3
D211341,2004,2001,3,core,KUM,3,228,0.266,1.79,0.49,0.32,32.42,0
D211349,2002,2001,1,core,NYR,3,202,NA,NA,0.82,0.03,19.87,0
D211349,2003,2001,2,core,NYR,3,229,0.266,3.41,0.99,0.38,13.39,0
D211349,2004,2001,3,core,NYR,3,228,0.274,3.06,1,0.42,2,8
D211350,2002,2001,1,core,NYR,1,195,NA,4.15,0.88,0.2,21.45,0
D211374,2002,2001,1,core,KUM,4,195,0.27,NA,0.25,NA,NA,0
D211374,2003,2001,2,core,KUM,4,233,0.2724,2.88,0.94,0.41,22.76,0
D211374,2004,2001,3,core,KUM,4,229,0.278,3.41,0.84,0.26,12.35,2
D211374,2005,2001,4,core,KUM,4,NA,NA,NA,0.1,NA,NA,0
D211376,2002,2001,1,core,KUM,5,200,NA,NA,0.33,0.08,30.38,0
D211376,2003,2001,2,core,KUM,5,243,0.273,3.49,0.62,0.38,30.68,0
D211376,2004,2001,3,core,KUM,5,238,0.284,3.72,0.81,0.41,26.2,5
D211376,2005,2001,4,core,KUM,5,NA,NA,NA,NA,NA,NA,0
D211376,2006,2001,5,core,KUM,5,NA,NA,NA,0.36,0.23,37.44,0
D211385,2002,2001,1,core,KUM,4,181,0.229,3.78,0.33,0,26.57,0
D211385,2003,2001,2,core,KUM,4,206,0.265,2.96,0.49,0.39,26.43,0
D211385,2004,2001,3,core,KUM,4,202,0.268,3.3,NA,NA,NA,0
D211385,2005,2001,4,core,KUM,4,211,0.234,4.13,0.87,0.41,10.05,0
D211401,2003,2002,1,core,KUM,1,189,0.238,1.72,0.53,0.08,23.22,0
D211403,2003,2002,1,core,KUM,1,184,0.237,2.35,0.83,0.41,22.97,0
D211411,2003,2002,1,core,NYR,2,180,0.262,1.65,0.45,0.26,39.21,0
D211411,2004,2002,2,core,NYR,2,206,0.27,2.25,0.92,0.4,13.46,1
D211412,2003,2002,1,core,NYR,1,178,0.218,2.26,0.95,0.04,23.49,0
D211431,2003,2002,1,core,NYR,3,181,0.277,1.38,0.12,NA,NA,0
D211431,2004,2002,2,core,NYR,3,222,0.264,2.45,NA,NA,NA,0
D211431,2005,2002,3,core,NYR,3,227,0.272,4.86,0.93,0.37,2,5
D211435,2003,2002,1,core,KUM,3,181,0.237,1.19,0.09,NA,NA,0
D211435,2004,2002,2,core,KUM,3,NA,NA,NA,0.75,0.02,36.06,0
D211435,2005,2002,3,core,KUM,3,212,0.267,4.13,0.42,0,26.17,0
D211438,2003,2002,1,core,KUM,4,205,0.24,1.42,0.02,NA,NA,0
D211438,2004,2002,2,core,KUM,4,221,0.273,3.36,0.87,0.17,30.87,1
D211438,2005,2002,3,core,KUM,4,219,0.235,3.88,0.81,0.16,17.03,0
D211438,2006,2002,4,core,KUM,4,220,0.228,5.31,0.03,NA,NA,0
D211445,2003,2001,2,no core,TEE,5,232,0.257,4.49,0.94,0.3,8.16,6
D211445,2004,2001,3,no core,TEE,5,232,NA,6.72,0.94,0.22,13.93,3
D211445,2005,2001,4,no core,TEE,5,232,0.277,4.41,0.99,0.24,11.18,11
D211445,2006,2001,5,no core,TEE,5,232,0.27,5.89,0.93,0.16,21.54,1
D211450,2003,2002,1,core,KUM,2,191,0.233,1.89,0.36,0,33.17,0
D211450,2004,2002,2,core,KUM,2,220,0.271,2.61,0.81,0.54,22.14,0
D211451,2002,2001,1,core,TEE,2,204,NA,5,0,NA,NA,0
D211451,2003,2001,2,core,TEE,2,210,0.262,4.33,0.93,0.07,27.27,0
D211456,2002,2001,1,core,KUM,2,179,0.268,3.19,0.78,0,24.89,0
D211456,2003,2001,2,core,KUM,2,204,0.266,3.68,0.87,0.24,19.44,3
D211461,2002,2001,1,core,NYR,2,194,0.275,5.07,0,NA,NA,0
D211461,2003,2001,2,core,NYR,2,215,0.287,3.95,0.6,0.24,19.65,1
D211474,2003,2002,1,core,KUM,4,188,0.258,2.15,0.55,0.31,28.13,0
D211474,2004,2002,2,core,KUM,4,214,0.253,5.02,0.93,0.47,11.4,0
D211474,2005,2002,3,core,KUM,4,212,0.223,6.53,0.74,0.39,18,0
D211474,2006,2002,4,core,KUM,4,213,0.25,6.17,0.78,0.29,16.28,0
D211478,2002,2001,1,core,KUM,3,192,0.27,3.98,0.33,0.08,29.39,0
D211478,2003,2001,2,core,KUM,3,225,0.288,6.71,0.91,0.23,19.94,0
D211478,2004,2001,3,core,KUM,3,227,0.272,5.33,0.86,0.51,15.65,2
D211482,2002,2001,1,core,KUM,2,190,0.26,3.4,0.89,0.16,18.34,0
D211482,2003,2001,2,core,KUM,2,216,0.243,1.88,0.96,0.6,7.99,0
D211489,2003,2002,1,no core,LEH,3,187,0.263,3.54,0.08,NA,NA,0
D211489,2004,2002,2,no core,LEH,3,222,0.248,1.53,0.13,0,NA,0
D211489,2005,2002,3,no core,LEH,3,227,0.267,3.04,0,NA,NA,0
D211490,2003,2002,1,core,LEH,2,193,0.256,0.77,0.08,NA,NA,0
D211490,2004,2002,2,core,LEH,2,225,0.248,3.55,0.93,0.07,20.02,4
D217810,2003,2002,1,core,TEE,2,180,0.258,1.4,0.02,NA,NA,0
D217810,2004,2002,2,core,TEE,2,247,0.23,3.13,1,0.3,9.22,3
D217818,2003,2002,1,core,KUM,4,184,0.262,2.13,0,NA,NA,0
D217818,2004,2002,2,core,KUM,4,221,0.272,2.06,0.72,0.46,20.25,0
D217818,2005,2002,3,core,KUM,4,NA,NA,NA,0.68,0.52,18.97,0
D217818,2006,2002,4,core,KUM,4,NA,NA,NA,0.17,NA,NA,0
D217821,2003,2002,1,core,NYR,4,204,0.258,2.7,0,NA,NA,0
D217821,2004,2002,2,core,NYR,4,227,0.267,2.43,0.76,0.14,37,1
D217821,2005,2002,3,core,NYR,4,233,0.296,4.16,0.82,0.16,19.24,4
D217821,2006,2002,4,core,NYR,4,NA,NA,4.21,0.89,0.15,3.16,2
D217831,2004,2003,1,core,TEE,3,212,0.249,1.11,0,NA,NA,0
D217831,2005,2003,2,core,TEE,3,230,0.25,4.78,1,0.44,3,4
D217831,2006,2003,3,core,TEE,3,NA,NA,NA,0.97,0.55,9.22,5
D217835,2004,2003,1,core,TEE,4,191,0.258,0.44,0.83,0.12,24.08,0
D217835,2005,2003,2,core,TEE,4,NA,0.273,3.42,1,0.15,12.17,2
D217835,2006,2003,3,core,TEE,4,NA,NA,NA,0.94,0.51,2.24,2
D217835,2007,2003,4,core,TEE,4,NA,NA,NA,0.86,0.33,5.66,6
D217864,2003,2002,1,core,TEE,2,178,0.203,1.32,0,NA,NA,0
D217864,2004,2002,2,core,TEE,2,233,0.257,2.48,0.42,0.11,21.95,0
D217870,2004,2003,1,core,NYR,1,192,0.237,1.1,0.91,0.06,16.28,0
D217891,2004,2003,1,core,LEH,2,186,0.275,1.08,0.83,0,39.45,0
D217891,2005,2003,2,core,LEH,2,210,0.281,3.3,0.87,0.26,15.65,0
D217896,2004,2002,2,no core,KUM,6,211,0.274,3.87,0.28,0.21,23.05,0
D217896,2005,2002,3,no core,KUM,6,216,0.282,4.64,0.94,0.48,1.41,5
D217896,2006,2002,4,no core,KUM,6,220,0.247,NA,0.89,NA,6.95,9
D217896,2007,2002,5,no core,KUM,6,NA,NA,NA,0.96,0.47,26.93,3
D217896,2008,2002,6,no core,KUM,6,216,0.213,6.31,0.8,0.24,0.24,4
D217897,2004,2003,1,core,KUM,3,194,0.265,1.11,0.36,0.2,61.52,0
D217897,2005,2003,2,core,KUM,3,239,0.278,3.74,NA,NA,NA,0
D217897,2006,2003,3,core,KUM,3,240,0.254,5.57,0.78,0.32,31,0
D217910,2004,2002,2,no core,NYR,4,233,NA,16.28,0.96,0.39,16.28,0
D217910,2005,2002,3,no core,NYR,4,233,0.256,4.27,0.95,0.24,10,0
D217910,2006,2002,4,no core,NYR,4,232,0.256,NA,0.97,NA,47,0
D217911,2004,2002,2,no core,NYR,4,223,NA,2.91,0.97,0.21,18.25,0
D217911,2005,2002,3,no core,NYR,4,224,0.279,3.39,0.83,0.26,15.23,0
D217911,2006,2002,4,no core,NYR,4,225,0.272,3.12,NA,NA,NA,NA
D217932,2005,2004,1,core,KUM,2,202,0.292,1.7,0,NA,NA,0
D217932,2006,2004,2,core,KUM,2,NA,NA,NA,0.81,0.31,14.32,0
D217947,2005,2004,1,core,NYR,4,165,0.26,0.71,0,NA,NA,0
D217947,2006,2004,2,core,NYR,4,210,0.205,1.72,0.53,0,35.44,0
D217947,2007,2004,3,core,NYR,4,216,0.26,1.42,0.78,0.13,32.2,0
D217947,2008,2004,4,core,NYR,4,215,0.221,4.01,0.8,0.17,25.5,0
D217949,2005,2004,1,core,NYR,3,188,0.275,0.75,0.07,NA,NA,0
D217949,2006,2004,2,core,NYR,3,NA,NA,3.32,0.89,0.14,18.12,5
D217949,2007,2004,3,core,NYR,3,234,0.266,3.26,0.94,0.41,4,11
D217961,2004,2002,2,no core,NYR,5,223,0.284,3.7,0.96,0.65,18.82,1
D217961,2005,2002,3,no core,NYR,5,226,0.261,4.66,1,0.32,5.1,2
D217961,2006,2002,4,no core,NYR,5,226,0.235,NA,0.98,NA,43,0
D217961,2007,2002,5,no core,NYR,5,226,0.264,3.53,0.99,0.43,12.65,0
D217964,2004,2002,2,no core,NYR,4,211,0.286,4,NA,NA,NA,NA
D217964,2005,2002,3,no core,NYR,4,226,0.282,4.35,0.94,0.15,11.18,0
D217964,2006,2002,4,no core,NYR,4,219,0.282,NA,1,NA,36.01,3
D217965,2004,2003,1,core,NYR,4,186,0.252,1.32,0,NA,NA,0
D217965,2005,2003,2,core,NYR,4,215,0.242,2.49,0.7,0,37,0
D217965,2006,2003,3,core,NYR,4,216,0.254,3.33,0.74,0.04,58.01,0
D217965,2007,2003,4,core,NYR,4,216,0.242,3.5,0.66,0.04,37.44,0
D217969,2004,2003,1,core,KUM,2,206,0.225,1.66,0.42,0.14,40.03,0
D217969,2005,2003,2,core,KUM,2,243,0.288,3.34,0.68,0.14,24.33,0
D217977,2004,2002,2,no core,KUM,4,217,0.255,3.89,1,0.51,20.22,1
D217977,2005,2002,3,no core,KUM,4,217,0.221,5.59,0.97,0.4,9.01,3
D217977,2006,2002,4,no core,KUM,4,221,0.24,NA,0.94,NA,5.1,2
D217993,2004,2003,1,core,TEE,5,184,0.273,2.95,0,NA,NA,0
D217993,2005,2003,2,core,TEE,5,NA,NA,NA,0.08,NA,NA,0
D217993,2006,2003,3,core,TEE,5,NA,NA,NA,0.89,0.27,15.56,0
D217993,2007,2003,4,core,TEE,5,208,0.244,6.58,0.89,0.28,8.49,0
D217993,2008,2003,5,core,TEE,5,201,0.263,7.59,0.94,0.34,1.43,1
D229025,2005,2004,1,no core,KUM,3,192,0.289,2.5,NA,NA,NA,NA
D229025,2006,2004,2,no core,KUM,3,230,0.269,3.86,0.56,NA,NA,0
D229025,2007,2004,3,no core,KUM,3,232,0.279,NA,0.77,0.2,19.42,1
D229032,2005,2004,1,core,LEH,4,202,0.238,2,0.3,0.33,19.21,0
D229032,2006,2004,2,core,LEH,4,198,0.23,4.55,0.18,NA,NA,0
D229032,2007,2004,3,core,LEH,4,234,0.279,6.31,1,0.35,6.08,6
D229032,2008,2004,4,core,LEH,4,243,0.212,6.33,0.95,0.23,14.4,5
D229043,2005,2004,1,core,KUM,2,189,0.281,2.36,0.55,0.59,13.04,0
D229043,2006,2004,2,core,KUM,2,NA,NA,NA,0.67,0.38,5.41,2
D229051,2005,2004,1,core,LEH,4,170,0.287,1.36,0.01,NA,NA,0
D229051,2006,2004,2,core,LEH,4,217,0.275,5.3,NA,NA,NA,0
D229051,2007,2004,3,core,LEH,4,227,0.26,5.1,0.9,0.19,21.84,0
D229051,2008,2004,4,core,LEH,4,222,0.264,4.66,0.84,0.37,17.03,0
D229055,2005,2004,1,core,LEH,1,167,0.279,1.25,0.86,0.13,12.73,0
D229056,2005,2004,1,core,LEH,2,181,0.284,1.22,0.34,0.33,15.44,0
D229056,2006,2004,2,core,LEH,2,NA,NA,NA,0.96,0.38,10.63,1
D229063,2005,2004,1,core,TEE,2,181,0.255,1.42,0.06,NA,NA,0
D229063,2006,2004,2,core,TEE,2,215,0.283,4.44,0.99,0.11,34.37,7
D229082,2005,2004,1,no core,NYR,2,190,0.235,0.98,0.03,NA,NA,0
D229082,2006,2004,2,no core,NYR,2,206,0.251,NA,0,NA,NA,NA
D229093,2005,2004,1,no core,NYR,2,NA,0.241,1.6,0.01,NA,NA,0
D229093,2006,2004,2,no core,NYR,2,250,0.226,NA,0,NA,NA,NA
D229096,2005,2004,1,core,NYR,6,187,0.216,1.34,0.01,NA,NA,0
D229096,2006,2004,2,core,NYR,6,217,0.215,3.66,0.02,NA,NA,0
D229096,2007,2004,3,core,NYR,6,224,0.211,3.71,0.93,0.3,13.04,4
D229096,2008,2004,4,core,NYR,6,215,0.232,7.16,1,0.18,9.06,10
D229096,2009,2004,5,core,NYR,6,217,0.212,4.56,1,0.39,7.62,1
D229096,2010,2004,6,core,NYR,6,NA,NA,NA,0.87,0.21,15.16,0
D229097,2005,2004,1,core,SAA,2,195,0.29,2.05,0.94,0.12,12.53,0
D229097,2006,2004,2,core,SAA,2,216,0.24,4.03,0.97,0.58,10.05,0
D229103,2005,2004,1,core,SAA,2,190,0.251,0.42,0,NA,NA,0
D229103,2006,2004,2,core,SAA,2,223,0.265,4.14,0.89,0.01,24.7,0
D229126,2005,2004,1,core,KUM,3,174,0.271,1.96,0.55,0.41,17.49,1
D229126,2006,2004,2,core,KUM,3,221,0.242,4.33,0.89,0.44,20.89,0
D229126,2007,2004,3,core,KUM,3,NA,NA,NA,0.81,0.41,38.95,0
D229133,2005,2004,1,core,LEH,4,170,0.265,2,0.54,0.21,22.28,0
D229133,2006,2004,2,core,LEH,4,214,0.227,5.84,0.61,0,30.02,0
D229133,2007,2004,3,core,LEH,4,214,0.265,4.31,0.31,0.31,24.7,2
D229133,2008,2004,4,core,LEH,4,219,0.263,5.34,0.49,0.3,27.66,0
D229154,2005,2003,2,no core,NYR,4,238,0.204,2.79,0.82,0.25,12.17,0
D229154,2006,2003,3,no core,NYR,4,225,0.268,3.58,0.94,0.147,43.57,0
D229154,2007,2003,4,no core,NYR,4,233,0.244,NA,0.99,0.51,6.08,2
D229155,2005,2004,1,core,TEE,3,188,0.29,2.1,0.19,NA,NA,0
D229155,2006,2004,2,core,TEE,3,208,0.275,5.02,1,0.31,19.03,0
D229155,2007,2004,3,core,TEE,3,215,0.27,4.3,0.85,0.09,31,1
D229160,2005,2003,2,no core,SAA,4,229,0.28,3.3,1,0.37,11.18,16
D229160,2006,2003,3,no core,SAA,4,232,0.23,NA,0.96,NA,15.81,34
D229160,2007,2003,4,no core,SAA,4,228,0.23,NA,0.64,0.2,15.23,1
D229161,2005,2003,2,no core,SAA,2,228,0.228,3.79,0.98,0.6,14.14,4
D229162,2005,2004,1,core,SAA,3,198,0.247,1.93,0,NA,NA,0
D229162,2006,2004,2,core,SAA,3,225,0.259,3.74,NA,NA,NA,0
D229162,2007,2004,3,core,SAA,3,228,0.238,3.12,0.84,0.17,19.42,0
D229164,2005,2004,1,core,KUM,1,189,0.247,1.27,0.81,0.36,17.12,0
D229165,2005,2003,2,no core,KUM,5,209,0.235,1.06,NA,NA,NA,NA
D229165,2006,2003,3,no core,KUM,5,210,0.221,12.08,0.08,NA,NA,0
D229165,2007,2003,4,no core,KUM,5,216,0.255,NA,0.96,0.35,19.5,1
D229165,2008,2003,5,no core,KUM,5,210,0.239,5.49,0.15,0.25,5.66,0
D229167,2005,2004,1,core,KUM,4,193,0.233,1.1,1,0.65,10.63,4
D229167,2006,2004,2,core,KUM,4,221,0.243,5.69,0.94,0.41,13.6,7
D229167,2007,2004,3,core,KUM,4,218,0.26,3.16,0.84,0.29,29.15,9
D229167,2008,2004,4,core,KUM,4,217,0.309,4.51,0.65,0.29,24.6,5
D229170,2005,2004,1,core,SAA,3,197,0.262,1.87,0,NA,NA,0
D229170,2006,2004,2,core,SAA,3,190,0.238,5.03,0.97,0.41,2.24,3
D229170,2007,2004,3,core,SAA,3,223,0.25,3.83,0.97,0.32,4,12
D229171,2005,2004,1,core,SAA,2,197,0.267,1.9,0.96,0.38,10.3,2
D229171,2006,2004,2,core,SAA,2,238,0.252,4.72,0.82,0.34,19.85,1
D229186,2005,2004,1,core,SAA,5,196,0.263,1.21,0.91,0.14,19.24,1
D229186,2006,2004,2,core,SAA,5,224,0.262,3.33,0.93,0,41.15,1
D229186,2007,2004,3,core,SAA,5,NA,NA,NA,1,0.34,5.1,4
D229186,2008,2004,4,core,SAA,5,NA,NA,NA,1,0.45,2.24,12
D229186,2009,2004,5,core,SAA,5,225,0.226,4.74,1,0.41,5.39,3
D229192,2005,2004,1,core,KUM,2,199,0.22,1.66,0.71,0.32,16.28,1
D229192,2006,2004,2,core,KUM,2,233,0.26,4.76,1,0.36,6.58,1
D229193,2005,2004,1,core,KUM,5,184,0.197,0.74,0,NA,NA,0
D229193,2006,2004,2,core,KUM,5,227,0.272,3.55,0.44,0.06,38.46,0
D229193,2007,2004,3,core,KUM,5,234,0.249,2.74,1,0.4,6.4,16
D229193,2008,2004,4,core,KUM,5,230,0.258,4.66,0.92,0.08,11.07,3
D229193,2009,2004,5,core,KUM,5,219,0.211,2.43,0.95,0.31,11.05,4
D229509,2006,2005,1,no core,KUM,3,192,0.226,NA,0.19,NA,NA,0
D229509,2007,2005,2,no core,KUM,3,NA,NA,NA,0.28,0.13,27.46,0
D229509,2008,2005,3,no core,KUM,3,225,0.279,4.75,0.15,0.25,6.26,0
D229512,2006,2005,1,core,KUM,2,167,0.24,2.18,0,NA,NA,0
D229512,2007,2005,2,core,KUM,2,234,0.214,3.19,0.82,0.45,31.62,2
D229518,2006,2005,1,core,LEH,1,191,0.218,2.22,0.69,0.04,29.52,0
D229556,2006,2005,1,core,NYR,3,178,0.217,3.01,0,NA,NA,0
D229556,2007,2005,2,core,NYR,3,221,0.248,3.73,0.24,NA,NA,0
D229556,2008,2005,3,core,NYR,3,228,0.306,4.62,0.91,0.15,15.3,3
D229560,2006,2005,1,core,LEH,1,198,0.219,2.46,0.36,0.2,25.5,0
D229599,2007,2006,1,core,KUM,3,202,0.223,2.38,0.65,0.11,23.41,0
D229599,2008,2006,2,core,KUM,3,NA,NA,NA,0.21,NA,NA,0
D229599,2009,2006,3,core,KUM,3,240,0.242,6.41,0.72,0.09,33.11,0
D229630,2006,2005,1,core,LEH,2,183,0.216,2.46,0.0175438596491228,NA,NA,0
D229630,2007,2005,2,core,LEH,2,NA,NA,NA,0.81,0.29,2.83,2
D229633,2006,2004,2,no core,SAA,4,237,0.257,NA,1,NA,15.52,0
D229633,2007,2004,3,no core,SAA,4,247,0.273,3.54,NA,NA,NA,NA
D229633,2008,2004,4,no core,SAA,4,244,0.264,5.08,NA,NA,NA,NA
D229635,2006,2005,1,core,KUM,2,177,0.219,3.22,0.17,NA,NA,0
D229635,2007,2005,2,core,KUM,2,NA,NA,NA,0.77,0.3,41.01,1
D229638,2006,2005,1,core,SAA,2,202,0.216,1.12,0,NA,NA,0
D229638,2007,2005,2,core,SAA,2,NA,NA,NA,0.57,0.18,22.67,0
D229646,2006,2005,1,core,LEH,3,202,0.243,3.66,0.96,0.4,8.06,0
D229646,2007,2005,2,core,LEH,3,235,0.258,4.22,0.83,0.44,11.4,0
D229646,2008,2005,3,core,LEH,3,230,0.272,6.54,0.89,0.39,6,15
D229648,2006,2005,1,core,LEH,2,197,NA,1.91,0.18,NA,NA,0
D229648,2007,2005,2,core,LEH,2,239,0.275,2.04,0.77,0.43,11.18,0
D229658,2006,2005,1,core,KUM,4,177,0.219,1.81,0.44,0.06,26.93,0
D229658,2007,2005,2,core,KUM,4,216,0.263,2.24,0.44,0.48,20.81,0
D229658,2008,2005,3,core,KUM,4,209,0.255,3.65,0.73,0.29,7.63,1
D229658,2009,2005,4,core,KUM,4,225,0.208,4.02,0.92,0.27,11.4,1
D229675,2006,2005,1,core,TEE,1,188,0.246,2.95,0.72,0.17,14.76,0
D229676,2006,2005,1,core,TEE,1,200,0.242,3.3,0.88,0.23,13,1
D229679,2006,2004,2,no core,KUM,4,242,0.262,NA,0.61,NA,28.52,0
D229679,2007,2004,3,no core,KUM,4,235,0.263,NA,0.93,0.66,29.41,8
D229679,2008,2004,4,no core,KUM,4,236,0.312,NA,1,0.35,22.2,3
D229705,2006,2005,1,core,TEE,6,195,0.26,2.21,0,NA,NA,0
D229705,2007,2005,2,core,TEE,6,219,0.273,3.36,0.84,0.22,17.09,4
D229705,2008,2005,3,core,TEE,6,237,0.267,5.049,0.95,0.19,14.42,4
D229705,2009,2005,4,core,TEE,6,215,0.195,5.696,1,0.21,7.81,0
D229705,2010,2005,5,core,TEE,6,NA,NA,NA,1,0.14,12.04,1
D229705,2011,2005,6,core,TEE,6,228,0.2,5.718,0.04,NA,NA,0
D229707,2006,2005,1,core,TEE,2,203,0.274,2.16,0,NA,NA,0
D229707,2007,2005,2,core,TEE,2,236,0.277,3.28,0.88,0.25,8.06,0
D229714,2006,2005,1,core,NYR,1,199,0.253,2.09,0.39,0.06,56.08,1
D229716,2006,2005,1,core,NYR,1,183,0.234,3.01,0.41,0.1,38.75,1
D229718,2006,2005,1,core,NYR,4,182,0.23,2.44,0.16,NA,NA,0
D229718,2007,2005,2,core,NYR,4,231,0.213,3.52,0.26,NA,NA,0
D229718,2008,2005,3,core,NYR,4,237,0.224,5.56,0.93,0.17,24,0
D229718,2009,2005,4,core,NYR,4,232,0.222,3.88,0.95,0.27,11.01,4
D229721,2006,2005,1,core,KUM,3,183,0.226,3.89,0.5,0.22,23.32,0
D229721,2007,2005,2,core,KUM,3,NA,NA,NA,0.7,0.18,20.52,1
D229721,2008,2005,3,core,KUM,3,222,0.275,8.1,0.98,0.08,20.4,1
D229734,2006,2004,2,no core,KUM,4,231,0.247,NA,0.89,NA,21.64,0
D229734,2007,2004,3,no core,KUM,4,NA,NA,NA,0.91,0.13,37.22,0
D229734,2008,2004,4,no core,KUM,4,232,0.243,NA,0.85,0.25,34.21,0
D229735,2006,2005,1,core,KUM,2,200,0.239,2.59,0,NA,NA,0
D229735,2007,2005,2,core,KUM,2,238,0.271,3.67,0.42,0.21,44.69,0
D229737,2006,2005,1,core,KUM,4,188,0.278,0.97,0.72,0.15,23.26,0
D229737,2007,2005,2,core,KUM,4,NA,NA,NA,0.65,0.24,26.93,1
D229737,2008,2005,3,core,KUM,4,212,0.3,NA,0.9,0.19,19.03,0
D229737,2009,2005,4,core,KUM,4,210,0.24,2.17,0.95,0.43,7.5,2
D229740,2006,2005,1,core,LEH,3,198,0.211,2.27,0,NA,NA,0
D229740,2007,2005,2,core,LEH,3,230,0.258,2.53,NA,NA,NA,0
D229740,2008,2005,3,core,LEH,3,NA,NA,NA,0.71,0.51,26.25,0
D229742,2006,2005,1,core,LEH,4,203,0.263,2.58,0.78,0.12,30.58,0
D229742,2007,2005,2,core,LEH,4,NA,NA,NA,0.44,0.22,25.02,0
D229742,2008,2005,3,core,LEH,4,NA,NA,NA,1,0.2,4,0
D229742,2009,2005,4,core,LEH,4,NA,NA,NA,1,0.46,1,0
D229753,2006,2005,1,core,TEE,3,200,0.225,1.89,0.48,0.36,21.93,0
D229753,2007,2005,2,core,TEE,3,238,0.259,3.99,1,0.36,6,4
D229753,2008,2005,3,core,TEE,3,231,0.282,6.2,1,0.28,8.06,2
D229759,2006,2005,1,core,SAA,3,188,0.203,3.6,0,NA,NA,0
D229759,2007,2005,2,core,SAA,3,NA,NA,NA,0.7,0.26,24.04,1
D229759,2008,2005,3,core,SAA,3,229,0.293,NA,1,0.21,5,18
D229770,2006,2005,1,core,NYR,1,174,0.215,0.67,0.44,0,52.35,0
D229771,2006,2004,2,no core,NYR,2,208,0.243,NA,0,NA,NA,0
D229772,2006,2005,1,core,NYR,3,186,NA,1.03,0,NA,NA,0
D229772,2007,2005,2,core,NYR,3,221,0.211,3.13,0.88,0.38,20.22,0
D229772,2008,2005,3,core,NYR,3,218,0.243,4.42,0.84,0.08,20.02,0
D229775,2006,2005,1,no core,SAA,2,188,0.268,2.93,NA,NA,NA,NA
D229775,2007,2005,2,no core,SAA,2,221,0.234,NA,0.04,NA,11.66,0
D229776,2006,2005,1,core,LEH,3,NA,0.243,2.19,0,NA,NA,0
D229776,2007,2005,2,core,LEH,3,232,0.27,4.05,0.79,0.21,16,0
D229776,2008,2005,3,core,LEH,3,NA,NA,NA,0.05,NA,NA,0
D229777,2006,2005,1,core,SAA,3,185,0.208,2.51,0.75,0,39.92,0
D229777,2007,2005,2,core,SAA,3,222,0.249,2.56,0.77,0.14,22.02,1
D229777,2008,2005,3,core,SAA,3,NA,0.263,4.92,0.96,0.17,16.03,0
D229780,2006,2005,1,core,SAA,3,181,0.218,2.64,0.01,NA,NA,0
D229780,2007,2005,2,core,SAA,3,227,0.263,3.95,0.88,0.28,15.03,2
D229780,2008,2005,3,core,SAA,3,226,NA,7.31,0.84,0.19,21.4,0
D229783,2006,2004,2,no core,NYR,4,233,0.276,NA,0.75,NA,18.36,0
D229783,2007,2004,3,no core,NYR,4,NA,NA,NA,1,0.28,5.1,1
D229783,2008,2004,4,no core,NYR,4,232,0.244,5.36,0.93,0.14,5.59,6
D229784,2006,2005,1,core,NYR,3,196,0.265,1.07,0.52,0.02,34.93,0
D229784,2007,2005,2,core,NYR,3,NA,NA,NA,0.4,0.19,39.41,0
D229784,2008,2005,3,core,NYR,3,219,0.295,3.3,0.84,0.18,21.55,0
D237206,2006,2005,1,core,KUM,3,197,0.234,1.82,0,NA,NA,0
D237206,2007,2005,2,core,KUM,3,NA,NA,NA,0.32,0.17,4.24,0
D237206,2008,2005,3,core,KUM,3,239,0.229,2.88,0.9,0.28,14.87,3
D237232,2007,2006,1,core,SAA,2,184,0.242,2.21,0.47,0.08,17.89,0
D237232,2008,2006,2,core,SAA,2,222,0.279,3.27,0.98,0.25,23.09,1
D237235,2008,2007,1,core,KUM,1,190,0.289,2.2,0.77,0.23,24.52,0
D237258,2007,2006,1,core,KUM,6,180,0.247,0.834,0.6,0.38,24.04,0
D237258,2008,2006,2,core,KUM,6,213,0.237,3.9,0.81,0.24,5.1,0
D237258,2009,2006,3,core,KUM,6,208,0.241,4.3,0.92,0.04,15,0
D237258,2010,2006,4,core,KUM,6,216,0.232,3.7,1,0.21,23.02,0
D237258,2011,2006,5,core,KUM,6,214,0.242,4.08,0.96,0.23,21.93,0
D237258,2012,2006,6,core,KUM,6,208,NA,4.32,0.84,0.49,9.22,15
D237276,2007,2006,1,core,NYR,2,197,0.23,0.89,0.15,NA,NA,0
D237276,2008,2006,2,core,NYR,2,232,NA,6.05,0.96,0.19,18,0
D237277,2007,2005,2,no core,NYR,2,227,0.278,NA,0.94,0.27,19.65,2
D237278,2007,2005,2,no core,NYR,2,220,0.246,NA,0.97,0.39,12.04,1
D237300,2007,2006,1,core,LEH,1,197,0.273,1.13,0.62,0.31,24.17,0
D237304,2007,2006,1,core,TEE,2,191,0.226,2.44,0,NA,NA,0
D237304,2008,2006,2,core,TEE,2,231,0.268,4.41,0.84,0.13,16.62,0
D237307,2007,2006,1,core,LEH,2,196,0.241,1.28,0,NA,NA,0
D237307,2008,2006,2,core,LEH,2,236,0.241,4.06,0.47,0,29.02,0
D237310,2007,2006,1,core,KUM,2,200,0.215,1.5,0.23,NA,NA,0
D237310,2008,2006,2,core,KUM,2,237,0.258,5.73,0.33,0.29,26.08,0
D237311,2007,2006,1,core,KUM,3,180,0.242,1.9,0.77,0.45,29.15,0
D237311,2008,2006,2,core,KUM,3,NA,0.242,NA,0.9,0.28,18.6,2
D237311,2009,2006,3,core,KUM,3,NA,NA,NA,0.93,0.31,12.73,0
D237313,2007,2006,1,core,KUM,6,190,0.247,1.02,0.11,NA,NA,0
D237313,2008,2006,2,core,KUM,6,234,0.296,4.89,0.77,0.43,15.04,0
D237313,2009,2006,3,core,KUM,6,230,0.224,3.52,0.82,0.16,25.24,1
D237313,2010,2006,4,core,KUM,6,227,0.219,3.6,0.99,0.16,7.43,0
D237313,2011,2006,5,core,KUM,6,227,0.244,3.48,0.96,0.46,10.06,0
D237313,2012,2006,6,core,KUM,6,236,NA,3.45,1,0.24,11,0
D237325,2007,2006,1,core,KUM,2,190,0.257,2.88,0.02,NA,NA,0
D237325,2008,2006,2,core,KUM,2,225,0.29,6.32,0.56,0.28,57.04,0
D237337,2007,2006,1,core,KUM,4,176,0.237,1.7,0.86,0.27,20.81,2
D237337,2008,2006,2,core,KUM,4,222,0.251,3.13,0.69,0.14,22.56,0
D237337,2009,2006,3,core,KUM,4,NA,NA,NA,0.93,0.21,19.24,0
D237337,2010,2006,4,core,KUM,4,222,0.231,3.56,0.99,0.11,27.66,0
D237339,2007,2006,1,core,KUM,3,188,0.276,1.73,0.91,0.33,14.14,4
D237339,2008,2006,2,core,KUM,3,201,0.272,4.17,0.23,NA,NA,0
D237339,2009,2006,3,core,KUM,3,232,0.228,4.02,0.97,0.31,10.05,0
D237340,2007,2006,1,core,KUM,4,190,0.26,1.98,0.42,0.13,19.42,0
D237340,2008,2006,2,core,KUM,4,227,0.283,5.01,0.75,0.1,41.23,1
D237340,2009,2006,3,core,KUM,4,212,0.246,3.81,0.8,0.51,23.02,0
D237340,2010,2006,4,core,KUM,4,229,0.238,5.15,0.97,0.3,27.29,0
D237352,2007,2006,1,core,NYR,1,183,NA,1.81,0.9,0.11,12.08,0
D237355,2007,2006,1,core,SAA,1,192,0.259,1.05,0.6,0,35.69,0
D237360,2007,2006,1,core,NYR,1,205,0.204,1.81,0.59,0.03,31,0
D237361,2007,2006,1,core,NYR,2,182,0.217,1.08,0.93,0.11,15.03,0
D237361,2008,2006,2,core,NYR,2,223,0.266,5.89,0.91,0.1,17.49,7
D237369,2007,2006,1,core,SAA,1,185,0.207,1.54,0.42,0.09,39.45,0
D237370,2007,2006,1,no core,SAA,1,192,0.212,NA,NA,NA,NA,NA
D237371,2007,2006,1,core,SAA,1,197,0.213,1.57,0.7,0.24,17,0
D237378,2007,2006,1,core,NYR,1,184,0.204,1.49,0.87,0.29,5.39,3
D237379,2007,2005,2,no core,NYR,2,210,0.275,NA,0.93,0.29,15.81,1
D237385,2007,2006,1,core,TEE,2,211,0.272,1.81,0.75,0.11,25.24,0
D237385,2008,2006,2,core,TEE,2,249,0.234,5.16,0.81,0.26,14.87,0
D237389,2007,2006,1,core,KUM,2,188,0.266,2.33,0.58,0.15,38.01,0
D237389,2008,2006,2,core,KUM,2,NA,NA,NA,0.87,0.2,5,0
D237391,2007,2006,1,core,NYR,5,184,0.225,1.5,0,NA,NA,0
D237391,2008,2006,2,core,NYR,5,211,0.212,5.138,0.62,0.21,29.02,0
D237391,2009,2006,3,core,NYR,5,207,0.24,2.759,0.56,0.15,36.4,1
D237391,2010,2006,4,core,NYR,5,218,0.242,3.891,1,0.23,13,7
D237391,2011,2006,5,core,NYR,5,219,0.221,3.777,0.87,0.2,NA,0
D237394,2007,2006,1,core,NYR,2,196,0.202,1.41,0.97,0.3,6.4,10
D237394,2008,2006,2,core,NYR,2,226,0.233,4.81,0.98,0.09,7.21,8
D243901,2008,2007,1,core,NYR,2,181,0.255,1.99,0,NA,NA,0
D243901,2009,2007,2,core,NYR,2,207,0.226,3.83,0.93,0.02,33.02,0
D243906,2008,2007,1,core,LEH,1,180,NA,1.42,0.84,0.17,18,0
D243907,2008,2007,1,core,LEH,1,180,0.228,0.48,0.51,0.11,32.97,0
D243916,2008,2007,1,core,NYR,2,200,0.246,2.75,0,NA,NA,0
D243916,2009,2007,2,core,NYR,2,219,0.262,2.5,0.95,0.16,14.87,0
D243918,2008,2007,1,core,NYR,1,202,0.215,2.62,0.38,0.12,16.12,0
D243930,2008,2007,1,core,KUM,6,187,0.268,2.39,0,NA,NA,0
D243930,2009,2007,2,core,KUM,6,210,0.22,3.78,0.93,0.33,18.97,0
D243930,2010,2007,3,core,KUM,6,213,0.232,3.95,0.93,0.3,22.01,0
D243930,2011,2007,4,core,KUM,6,211,0.239,3.88,0.67,0.11,36.51,0
D243930,2012,2007,5,core,KUM,6,NA,NA,NA,NA,NA,NA,0
D243930,2013,2007,6,core,KUM,6,195,NA,4.42,0.97,0.1,NA,0
D243937,2008,2007,1,core,KUM,3,205,0.221,2.4,0.04,NA,NA,0
D243937,2009,2007,2,core,KUM,3,230,0.198,3.79,0.93,0.49,14.76,0
D243937,2010,2007,3,core,KUM,3,NA,NA,NA,1,0.41,6.08,0
D243940,2008,2007,1,core,KUM,1,NA,0.244,2.28,0.31,0,28.02,0
D243950,2008,2007,1,core,LEH,2,196,0.213,1.81,0.93,0.39,20.1,0
D243950,2009,2007,2,core,LEH,2,225,0.241,4.61,0.92,0,25.08,6
D244017,2007,2006,1,core,KUM,3,NA,NA,NA,0,NA,NA,0
D244017,2008,2006,2,core,KUM,3,237,0.286,4.43,0.87,0.2,16.28,0
D244017,2009,2006,3,core,KUM,3,NA,NA,NA,0.9,0.49,8.25,0
D244025,2008,2007,1,core,TEE,3,192,0.216,1.159,0,NA,NA,0
D244025,2009,2007,2,core,TEE,3,229,0.239,3.426,0.59,0.35,1.41,0
D244025,2010,2007,3,core,TEE,3,NA,NA,NA,1,0.22,4.24,5
D244027,2008,2007,1,core,TEE,6,182,0.218,1.24,0,NA,NA,0
D244027,2009,2007,2,core,TEE,6,215,0.219,2.46,1,0.14,17.89,0
D244027,2010,2007,3,core,TEE,6,223,0.201,4.54,1,0.05,20.62,1
D244027,2011,2007,4,core,TEE,6,225,0.217,3.61,0.14,NA,NA,0
D244027,2012,2007,5,core,TEE,6,NA,NA,NA,0.98,0.25,19.1,0
D244027,2013,2007,6,core,TEE,6,NA,NA,NA,1,0.24,NA,1
D244029,2008,2007,1,core,SAA,1,195,0.292,2.27,0.91,0.08,91.35,0
D244032,2008,2007,1,core,NYR,3,196,0.261,2.61,0,NA,NA,0
D244032,2009,2007,2,core,NYR,3,228,0.24,4.12,1,0.37,8.54,0
D244032,2010,2007,3,core,NYR,3,239,0.23,4.69,0.95,0.19,1,9
D244033,2008,2007,1,core,NYR,1,196,0.256,1.51,0.69,0.03,77.1,0
D244042,2008,2007,1,core,LEH,1,190,0.234,1.34,0.47,0.38,10.05,0
D244045,2008,2007,1,core,SAA,1,182,0.227,NA,0.89,0.1,30.02,0
D244054,2008,2007,1,core,LEH,1,195,0.256,1.47,0.65,0.19,29.15,0
D244055,2008,2007,1,core,LEH,3,195,0.222,2.99,0,NA,NA,0
D244055,2009,2007,2,core,LEH,3,227,0.208,2.77,1,0.33,8.06,1
D244055,2010,2007,3,core,LEH,3,NA,NA,NA,0.22,NA,NA,0
D244073,2008,2007,1,core,SAA,2,188,0.227,3.5,0,NA,NA,0
D244073,2009,2007,2,core,SAA,2,227,0.237,4.21,0.78,0.35,13.6,0
D244077,2008,2007,1,core,NYR,1,178,0.204,2.52,0.62,0.04,28.32,0
D244083,2008,2007,1,core,LEH,2,182,0.222,2.28,0.53,0.52,32.45,0
D244083,2009,2007,2,core,LEH,2,225,0.219,3.81,1,0.01,27.46,0
D244086,2008,2007,1,core,SAA,2,202,0.246,1.78,0,NA,NA,0
D244086,2009,2007,2,core,SAA,2,232,0.223,2.93,0.92,0.28,19.03,0
D244087,2008,2007,1,core,SAA,1,187,0.239,3.56,0.98,0.18,22.8,0
D244090,2008,2007,1,core,LEH,1,187,0.252,2.56,0.6,0.18,30.89,0
D244123,2007,2006,1,core,SAA,2,NA,NA,NA,0.03,NA,NA,0
D244123,2008,2006,2,core,SAA,2,213,0.293,2.77,0.98,0.25,12.17,2
D244139,2008,2007,1,core,KUM,1,197,0.295,NA,0.4,0.14,25.61,0
D244143,2008,2007,1,core,KUM,1,185,0.235,3.16,0.79,0.37,20.22,0
D244144,2008,2007,1,core,KUM,1,201,0.261,2.73,0.4,0.1,22.63,0
D244147,2008,2007,1,core,KUM,2,192,0.229,2.08,0.44,0.22,59.44,0
D244147,2009,2007,2,core,KUM,2,220,0.219,2.35,0.82,0.1,32.02,0
D244162,2008,2007,1,core,NYR,2,186,0.191,2.86,0.02,NA,NA,0
D244162,2009,2007,2,core,NYR,2,211,0.246,2.4,0.39,0.17,23.09,0
D244163,2008,2007,1,core,NYR,1,195,0.231,2.72,0.84,0.08,22.02,0
D244168,2008,2007,1,core,NYR,5,196,0.229,2.73,0.58,0,26.74,0
D244168,2009,2007,2,core,NYR,5,212,0.234,3.06,0.86,0.31,24,0
D244168,2010,2007,3,core,NYR,5,227,0.211,3.91,0.97,0.29,13.09,0
D244168,2011,2007,4,core,NYR,5,226,0.234,3.76,0.83,0,33.09,0
D244168,2012,2007,5,core,NYR,5,NA,NA,NA,1,0.19,21.93,6
D244179,2008,2007,1,core,NYR,3,204,0.2,2.86,0,NA,NA,0
D244179,2009,2007,2,core,NYR,3,224,0.201,3.24,NA,NA,NA,0
D244179,2010,2007,3,core,NYR,3,NA,0.206,4.32,0.92,0.19,21.78,0
D244183,2008,2007,1,core,KUM,4,182,0.225,2.117,0,NA,NA,0
D244183,2009,2007,2,core,KUM,4,NA,NA,NA,0.97,0.17,7,3
D244183,2010,2007,3,core,KUM,4,218,0.215,3.022,0.99,0.43,17.18,1
D244183,2011,2007,4,core,KUM,4,219,0.253,3.637,0.89,0.38,14.56,1
D244186,2008,2007,1,core,KUM,5,195,0.215,2.49,0,NA,NA,0
D244186,2009,2007,2,core,KUM,5,212,0.225,3.6,0.87,0.15,21.02,1
D244186,2010,2007,3,core,KUM,5,226,0.226,4.39,1,0.18,16,0
D244186,2011,2007,4,core,KUM,5,220,0.251,4.63,1,0.22,5.66,22
D244186,2012,2007,5,core,KUM,5,NA,NA,NA,0.97,0.26,21.84,1
D247994,2009,2008,1,core,NYR,2,193,0.205,2.12,0,NA,NA,0
D247994,2010,2008,2,core,NYR,2,225,0.229,3.01,0.92,0.22,24.02,0
D229516,2006,2005,1,core,LEH,2,192,0.217,2.14,1,0.15,13.93,2
D229516,2007,2005,2,core,LEH,2,NA,NA,NA,0.96,0.28,5,3
D229054,2005,2004,1,core,LEH,2,179,0.214,1.67,0.04,NA,NA,0
D229054,2006,2004,2,core,LEH,2,217,0.243,4.85,0.87,0.13,32.7,0
D237233,2007,2006,1,core,SAA,2,182,0.206,1.67,0,NA,NA,0
D237233,2008,2006,2,core,SAA,2,215,NA,2.43,0.71,0,54.58,0
D237327,2007,2006,1,core,KUM,2,202,0.23,1.37,0.51,0.07,34.44,0
D237327,2008,2006,2,core,KUM,2,226,0.291,4.37,0.6,0.16,24.35,2
D237396,2007,2006,1,core,NYR,2,192,0.211,2.31,0,NA,NA,0
D237396,2008,2006,2,core,NYR,2,234,0.244,5.42,0.76,0,45.01,0
D244001,2007,2006,1,core,LEH,2,195,0.257,2.27,0.13,NA,NA,0
D244001,2008,2006,2,core,LEH,2,227,0.288,4.34,0.56,0.55,24.84,0
D244005,2007,2006,1,core,SAA,3,190,0.221,2.79,0.57,0.2,25.32,0
D244005,2008,2006,2,core,SAA,3,NA,NA,NA,1,0.45,10.05,21
D244005,2009,2006,3,core,SAA,3,222,0.237,3.72,0.98,0.28,9.43,11
D244112,2007,2006,1,core,KUM,2,199,0.224,1.33,0.56,0.31,26.83,0
D244112,2008,2006,2,core,KUM,2,235,0.298,NA,0.98,0.29,19.1,7
D244121,2007,2006,1,core,SAA,2,NA,NA,NA,0,NA,NA,0
D244121,2008,2006,2,core,SAA,2,227,0.25,5.01,0.98,0.33,9.43,5
